Pais;Categoria;Subcategoria;KPI;Canal;Periodo;Valor;Variacion_vs_PY
Center Zone;NARTD;FMCG;Incidence vs FMCG;T. Channels;MAT Q4.24;100;
Center Zone;NARTD;Colas;Incidence vs FMCG;T. Channels;MAT Q4.24;0.07520420841603671;
Center Zone;NARTD;Sabores;Incidence vs FMCG;T. Channels;MAT Q4.24;0.05383959569172433;
Center Zone;NARTD;RTDJ;Incidence vs FMCG;T. Channels;MAT Q4.24;0.04250531757380018;
Center Zone;NARTD;Water;Incidence vs FMCG;T. Channels;MAT Q4.24;0.06823957929154928;
Center Zone;NARTD;FMCG;Incidence vs FMCG;T. Channels;MAT Q4.25;100;
Center Zone;NARTD;Colas;Incidence vs FMCG;T. Channels;MAT Q4.25;0.07425899129803673;
Center Zone;NARTD;Sabores;Incidence vs FMCG;T. Channels;MAT Q4.25;0.055908839338682216;
Center Zone;NARTD;RTDJ;Incidence vs FMCG;T. Channels;MAT Q4.25;0.043113285172958454;
Center Zone;NARTD;Water;Incidence vs FMCG;T. Channels;MAT Q4.25;0.07039601395902458;
Center Zone;TCCC;FMCG;Incidence vs FMCG;T. Channels;MAT Q4.24;100;
Center Zone;TCCC;Colas;Incidence vs FMCG;T. Channels;MAT Q4.24;0.05626063468698063;
Center Zone;TCCC;Sabores;Incidence vs FMCG;T. Channels;MAT Q4.24;0.019869080091949497;
Center Zone;TCCC;RTDJ;Incidence vs FMCG;T. Channels;MAT Q4.24;0.007133920267148701;
Center Zone;TCCC;Water;Incidence vs FMCG;T. Channels;MAT Q4.24;0.00789716804444961;
Center Zone;TCCC;FMCG;Incidence vs FMCG;T. Channels;MAT Q4.25;100;
Center Zone;TCCC;Colas;Incidence vs FMCG;T. Channels;MAT Q4.25;;
Center Zone;TCCC;Sabores;Incidence vs FMCG;T. Channels;MAT Q4.25;;
Center Zone;TCCC;RTDJ;Incidence vs FMCG;T. Channels;MAT Q4.25;;
Center Zone;TCCC;Water;Incidence vs FMCG;T. Channels;MAT Q4.25;;
Guatemala;NARTD;FMCG;Incidence vs FMCG;T. Channels;MAT Q4.24;100;
Guatemala;NARTD;Colas;Incidence vs FMCG;T. Channels;MAT Q4.24;10.3;
Guatemala;NARTD;Sabores;Incidence vs FMCG;T. Channels;MAT Q4.24;3.9;
Guatemala;NARTD;RTDJ;Incidence vs FMCG;T. Channels;MAT Q4.24;4.6;
Guatemala;NARTD;Water;Incidence vs FMCG;T. Channels;MAT Q4.24;8.8;
Guatemala;NARTD;FMCG;Incidence vs FMCG;T. Channels;MAT Q4.25;100;
Guatemala;NARTD;Colas;Incidence vs FMCG;T. Channels;MAT Q4.25;9;
Guatemala;NARTD;Sabores;Incidence vs FMCG;T. Channels;MAT Q4.25;3.4;
Guatemala;NARTD;RTDJ;Incidence vs FMCG;T. Channels;MAT Q4.25;4.1;
Guatemala;NARTD;Water;Incidence vs FMCG;T. Channels;MAT Q4.25;9.2;
Guatemala;TCCC;FMCG;Incidence vs FMCG;T. Channels;MAT Q4.24;100;
Guatemala;TCCC;Colas;Incidence vs FMCG;T. Channels;MAT Q4.24;7.5;
Guatemala;TCCC;Sabores;Incidence vs FMCG;T. Channels;MAT Q4.24;0.6;
Guatemala;TCCC;RTDJ;Incidence vs FMCG;T. Channels;MAT Q4.24;0.2;
Guatemala;TCCC;Water;Incidence vs FMCG;T. Channels;MAT Q4.24;0.1;
Guatemala;TCCC;FMCG;Incidence vs FMCG;T. Channels;MAT Q4.25;100;
Guatemala;TCCC;Colas;Incidence vs FMCG;T. Channels;MAT Q4.25;6.3;
Guatemala;TCCC;Sabores;Incidence vs FMCG;T. Channels;MAT Q4.25;0.6;
Guatemala;TCCC;RTDJ;Incidence vs FMCG;T. Channels;MAT Q4.25;0.2;
Guatemala;TCCC;Water;Incidence vs FMCG;T. Channels;MAT Q4.25;0.2;
Costa Rica;NARTD;FMCG;Incidence vs FMCG;T. Channels;MAT Q4.24;100;
Costa Rica;NARTD;Colas;Incidence vs FMCG;T. Channels;MAT Q4.24;8.7;
Costa Rica;NARTD;Sabores;Incidence vs FMCG;T. Channels;MAT Q4.24;4.8;
Costa Rica;NARTD;RTDJ;Incidence vs FMCG;T. Channels;MAT Q4.24;5.3;
Costa Rica;NARTD;Water;Incidence vs FMCG;T. Channels;MAT Q4.24;0.3;
Costa Rica;NARTD;FMCG;Incidence vs FMCG;T. Channels;MAT Q4.25;100;
Costa Rica;NARTD;Colas;Incidence vs FMCG;T. Channels;MAT Q4.25;7.6;
Costa Rica;NARTD;Sabores;Incidence vs FMCG;T. Channels;MAT Q4.25;4.9;
Costa Rica;NARTD;RTDJ;Incidence vs FMCG;T. Channels;MAT Q4.25;4.9;
Costa Rica;NARTD;Water;Incidence vs FMCG;T. Channels;MAT Q4.25;0.4;
Costa Rica;TCCC;FMCG;Incidence vs FMCG;T. Channels;MAT Q4.24;100;
Costa Rica;TCCC;Colas;Incidence vs FMCG;T. Channels;MAT Q4.24;6;
Costa Rica;TCCC;Sabores;Incidence vs FMCG;T. Channels;MAT Q4.24;2.6;
Costa Rica;TCCC;RTDJ;Incidence vs FMCG;T. Channels;MAT Q4.24;0.9;
Costa Rica;TCCC;Water;Incidence vs FMCG;T. Channels;MAT Q4.24;0;
Costa Rica;TCCC;FMCG;Incidence vs FMCG;T. Channels;MAT Q4.25;100;
Costa Rica;TCCC;Colas;Incidence vs FMCG;T. Channels;MAT Q4.25;5.1;
Costa Rica;TCCC;Sabores;Incidence vs FMCG;T. Channels;MAT Q4.25;2.8;
Costa Rica;TCCC;RTDJ;Incidence vs FMCG;T. Channels;MAT Q4.25;0.8;
Costa Rica;TCCC;Water;Incidence vs FMCG;T. Channels;MAT Q4.25;0;
Honduras;NARTD;FMCG;Incidence vs FMCG;T. Channels;MAT Q4.24;100;
Honduras;NARTD;Colas;Incidence vs FMCG;T. Channels;MAT Q4.24;32.2;
Honduras;NARTD;Sabores;Incidence vs FMCG;T. Channels;MAT Q4.24;4;
Honduras;NARTD;RTDJ;Incidence vs FMCG;T. Channels;MAT Q4.24;7;
Honduras;NARTD;Water;Incidence vs FMCG;T. Channels;MAT Q4.24;14.4;
Honduras;NARTD;FMCG;Incidence vs FMCG;T. Channels;MAT Q4.25;100;
Honduras;NARTD;Colas;Incidence vs FMCG;T. Channels;MAT Q4.25;32.4;
Honduras;NARTD;Sabores;Incidence vs FMCG;T. Channels;MAT Q4.25;4.2;
Honduras;NARTD;RTDJ;Incidence vs FMCG;T. Channels;MAT Q4.25;5.3;
Honduras;NARTD;Water;Incidence vs FMCG;T. Channels;MAT Q4.25;13.4;
Honduras;TCCC;FMCG;Incidence vs FMCG;T. Channels;MAT Q4.24;100;
Honduras;TCCC;Colas;Incidence vs FMCG;T. Channels;MAT Q4.24;26.6;
Honduras;TCCC;Sabores;Incidence vs FMCG;T. Channels;MAT Q4.24;0.9;
Honduras;TCCC;RTDJ;Incidence vs FMCG;T. Channels;MAT Q4.24;0.4;
Honduras;TCCC;Water;Incidence vs FMCG;T. Channels;MAT Q4.24;0.1;
Honduras;TCCC;FMCG;Incidence vs FMCG;T. Channels;MAT Q4.25;100;
Honduras;TCCC;Colas;Incidence vs FMCG;T. Channels;MAT Q4.25;26.7;
Honduras;TCCC;Sabores;Incidence vs FMCG;T. Channels;MAT Q4.25;1.3;
Honduras;TCCC;RTDJ;Incidence vs FMCG;T. Channels;MAT Q4.25;0.1;
Honduras;TCCC;Water;Incidence vs FMCG;T. Channels;MAT Q4.25;0.1;
Republica Dominicana;NARTD;FMCG;Incidence vs FMCG;T. Channels;MAT Q4.24;100;
Republica Dominicana;NARTD;Colas;Incidence vs FMCG;T. Channels;MAT Q4.24;6.62;
Republica Dominicana;NARTD;Sabores;Incidence vs FMCG;T. Channels;MAT Q4.24;7.51;
Republica Dominicana;NARTD;RTDJ;Incidence vs FMCG;T. Channels;MAT Q4.24;11.09;
Republica Dominicana;NARTD;Water;Incidence vs FMCG;T. Channels;MAT Q4.24;4.43;
Republica Dominicana;NARTD;FMCG;Incidence vs FMCG;T. Channels;MAT Q4.25;100;
Republica Dominicana;NARTD;Colas;Incidence vs FMCG;T. Channels;MAT Q4.25;6.68;
Republica Dominicana;NARTD;Sabores;Incidence vs FMCG;T. Channels;MAT Q4.25;7.01;
Republica Dominicana;NARTD;RTDJ;Incidence vs FMCG;T. Channels;MAT Q4.25;11.03;
Republica Dominicana;NARTD;Water;Incidence vs FMCG;T. Channels;MAT Q4.25;3.96;
Republica Dominicana;TCCC;FMCG;Incidence vs FMCG;T. Channels;MAT Q4.24;100;
Republica Dominicana;TCCC;Colas;Incidence vs FMCG;T. Channels;MAT Q4.24;2.98;
Republica Dominicana;TCCC;Sabores;Incidence vs FMCG;T. Channels;MAT Q4.24;1.88;
Republica Dominicana;TCCC;RTDJ;Incidence vs FMCG;T. Channels;MAT Q4.24;0.33;
Republica Dominicana;TCCC;Water;Incidence vs FMCG;T. Channels;MAT Q4.24;0.45;
Republica Dominicana;TCCC;FMCG;Incidence vs FMCG;T. Channels;MAT Q4.25;100;
Republica Dominicana;TCCC;Colas;Incidence vs FMCG;T. Channels;MAT Q4.25;4.22;
Republica Dominicana;TCCC;Sabores;Incidence vs FMCG;T. Channels;MAT Q4.25;2.36;
Republica Dominicana;TCCC;RTDJ;Incidence vs FMCG;T. Channels;MAT Q4.25;0.37;
Republica Dominicana;TCCC;Water;Incidence vs FMCG;T. Channels;MAT Q4.25;0.46;
Colombia;NARTD;FMCG;Incidence vs FMCG;T. Channels;MAT Q4.24;100;
Colombia;NARTD;Colas;Incidence vs FMCG;T. Channels;MAT Q4.24;3.6;
Colombia;NARTD;Sabores;Incidence vs FMCG;T. Channels;MAT Q4.24;3.9;
Colombia;NARTD;RTDJ;Incidence vs FMCG;T. Channels;MAT Q4.24;2.6;
Colombia;NARTD;Water;Incidence vs FMCG;T. Channels;MAT Q4.24;3.8;
Colombia;NARTD;FMCG;Incidence vs FMCG;T. Channels;MAT Q4.25;100;
Colombia;NARTD;Colas;Incidence vs FMCG;T. Channels;MAT Q4.25;3.5;
Colombia;NARTD;Sabores;Incidence vs FMCG;T. Channels;MAT Q4.25;4.2;
Colombia;NARTD;RTDJ;Incidence vs FMCG;T. Channels;MAT Q4.25;2.8;
Colombia;NARTD;Water;Incidence vs FMCG;T. Channels;MAT Q4.25;4;
Colombia;TCCC;FMCG;Incidence vs FMCG;T. Channels;MAT Q4.24;100;
Colombia;TCCC;Colas;Incidence vs FMCG;T. Channels;MAT Q4.24;2.9;
Colombia;TCCC;Sabores;Incidence vs FMCG;T. Channels;MAT Q4.24;0.6;
Colombia;TCCC;RTDJ;Incidence vs FMCG;T. Channels;MAT Q4.24;0.5;
Colombia;TCCC;Water;Incidence vs FMCG;T. Channels;MAT Q4.24;0.6;
Colombia;TCCC;FMCG;Incidence vs FMCG;T. Channels;MAT Q4.25;100;
Colombia;TCCC;Colas;Incidence vs FMCG;T. Channels;MAT Q4.25;2.9;
Colombia;TCCC;Sabores;Incidence vs FMCG;T. Channels;MAT Q4.25;0.8;
Colombia;TCCC;RTDJ;Incidence vs FMCG;T. Channels;MAT Q4.25;0.5;
Colombia;TCCC;Water;Incidence vs FMCG;T. Channels;MAT Q4.25;0.6;
Ecuador;NARTD;FMCG;Incidence vs FMCG;T. Channels;MAT Q4.24;100;
Ecuador;NARTD;Colas;Incidence vs FMCG;T. Channels;MAT Q4.24;33.7;
Ecuador;NARTD;Sabores;Incidence vs FMCG;T. Channels;MAT Q4.24;14.2;
Ecuador;NARTD;RTDJ;Incidence vs FMCG;T. Channels;MAT Q4.24;13.5;
Ecuador;NARTD;Water;Incidence vs FMCG;T. Channels;MAT Q4.24;38;
Ecuador;NARTD;FMCG;Incidence vs FMCG;T. Channels;MAT Q4.25;100;
Ecuador;NARTD;Colas;Incidence vs FMCG;T. Channels;MAT Q4.25;30.6;
Ecuador;NARTD;Sabores;Incidence vs FMCG;T. Channels;MAT Q4.25;16.3;
Ecuador;NARTD;RTDJ;Incidence vs FMCG;T. Channels;MAT Q4.25;14.6;
Ecuador;NARTD;Water;Incidence vs FMCG;T. Channels;MAT Q4.25;37.7;
Ecuador;TCCC;FMCG;Incidence vs FMCG;T. Channels;MAT Q4.24;100;
Ecuador;TCCC;Colas;Incidence vs FMCG;T. Channels;MAT Q4.24;69.9;
Ecuador;TCCC;Sabores;Incidence vs FMCG;T. Channels;MAT Q4.24;17.5;
Ecuador;TCCC;RTDJ;Incidence vs FMCG;T. Channels;MAT Q4.24;4.9;
Ecuador;TCCC;Water;Incidence vs FMCG;T. Channels;MAT Q4.24;5.5;
Ecuador;TCCC;FMCG;Incidence vs FMCG;T. Channels;MAT Q4.25;100;
Ecuador;TCCC;Colas;Incidence vs FMCG;T. Channels;MAT Q4.25;64.3;
Ecuador;TCCC;Sabores;Incidence vs FMCG;T. Channels;MAT Q4.25;21.1;
Ecuador;TCCC;RTDJ;Incidence vs FMCG;T. Channels;MAT Q4.25;5.5;
Ecuador;TCCC;Water;Incidence vs FMCG;T. Channels;MAT Q4.25;8.2;
Peru;NARTD;FMCG;Incidence vs FMCG;T. Channels;MAT Q4.24;100;
Peru;NARTD;Colas;Incidence vs FMCG;T. Channels;MAT Q4.24;5.4;
Peru;NARTD;Sabores;Incidence vs FMCG;T. Channels;MAT Q4.24;6.7;
Peru;NARTD;RTDJ;Incidence vs FMCG;T. Channels;MAT Q4.24;3.2;
Peru;NARTD;Water;Incidence vs FMCG;T. Channels;MAT Q4.24;6.6;
Peru;NARTD;FMCG;Incidence vs FMCG;T. Channels;MAT Q4.25;100;
Peru;NARTD;Colas;Incidence vs FMCG;T. Channels;MAT Q4.25;5.6;
Peru;NARTD;Sabores;Incidence vs FMCG;T. Channels;MAT Q4.25;7.4;
Peru;NARTD;RTDJ;Incidence vs FMCG;T. Channels;MAT Q4.25;3.5;
Peru;NARTD;Water;Incidence vs FMCG;T. Channels;MAT Q4.25;7.2;
Peru;TCCC;FMCG;Incidence vs FMCG;T. Channels;MAT Q4.24;100;
Peru;TCCC;Colas;Incidence vs FMCG;T. Channels;MAT Q4.24;3.4;
Peru;TCCC;Sabores;Incidence vs FMCG;T. Channels;MAT Q4.24;4;
Peru;TCCC;RTDJ;Incidence vs FMCG;T. Channels;MAT Q4.24;1.2;
Peru;TCCC;Water;Incidence vs FMCG;T. Channels;MAT Q4.24;1.4;
Peru;TCCC;FMCG;Incidence vs FMCG;T. Channels;MAT Q4.25;100;
Peru;TCCC;Colas;Incidence vs FMCG;T. Channels;MAT Q4.25;3.5;
Peru;TCCC;Sabores;Incidence vs FMCG;T. Channels;MAT Q4.25;4.3;
Peru;TCCC;RTDJ;Incidence vs FMCG;T. Channels;MAT Q4.25;1.4;
Peru;TCCC;Water;Incidence vs FMCG;T. Channels;MAT Q4.25;1.3;
Center Zone;NARTD;FMCG;Incidence vs FMCG;Modern Trade;MAT Q4.24;100;
Center Zone;NARTD;Colas;Incidence vs FMCG;Modern Trade;MAT Q4.24;0.048007994419615396;
Center Zone;NARTD;Sabores;Incidence vs FMCG;Modern Trade;MAT Q4.24;0.05683309610843736;
Center Zone;NARTD;RTDJ;Incidence vs FMCG;Modern Trade;MAT Q4.24;0.058836962243170116;
Center Zone;NARTD;Water;Incidence vs FMCG;Modern Trade;MAT Q4.24;0.060347340611424626;
Center Zone;NARTD;FMCG;Incidence vs FMCG;Modern Trade;MAT Q4.25;100;
Center Zone;NARTD;Colas;Incidence vs FMCG;Modern Trade;MAT Q4.25;0.04810785421518081;
Center Zone;NARTD;Sabores;Incidence vs FMCG;Modern Trade;MAT Q4.25;0.05368598771721522;
Center Zone;NARTD;RTDJ;Incidence vs FMCG;Modern Trade;MAT Q4.25;0.058778780939336896;
Center Zone;NARTD;Water;Incidence vs FMCG;Modern Trade;MAT Q4.25;0.058058662695579445;
Center Zone;TCCC;FMCG;Incidence vs FMCG;Modern Trade;MAT Q4.24;100;
Center Zone;TCCC;Colas;Incidence vs FMCG;Modern Trade;MAT Q4.24;0.03615782350531332;
Center Zone;TCCC;Sabores;Incidence vs FMCG;Modern Trade;MAT Q4.24;0.01770244287557519;
Center Zone;TCCC;RTDJ;Incidence vs FMCG;Modern Trade;MAT Q4.24;0.009438248140075201;
Center Zone;TCCC;Water;Incidence vs FMCG;Modern Trade;MAT Q4.24;0.008031889641222669;
Center Zone;TCCC;FMCG;Incidence vs FMCG;Modern Trade;MAT Q4.25;100;
Center Zone;TCCC;Colas;Incidence vs FMCG;Modern Trade;MAT Q4.25;;
Center Zone;TCCC;Sabores;Incidence vs FMCG;Modern Trade;MAT Q4.25;;
Center Zone;TCCC;RTDJ;Incidence vs FMCG;Modern Trade;MAT Q4.25;;
Center Zone;TCCC;Water;Incidence vs FMCG;Modern Trade;MAT Q4.25;;
Guatemala;NARTD;FMCG;Incidence vs FMCG;Modern Trade;MAT Q4.24;100;
Guatemala;NARTD;Colas;Incidence vs FMCG;Modern Trade;MAT Q4.24;6.5;
Guatemala;NARTD;Sabores;Incidence vs FMCG;Modern Trade;MAT Q4.24;4;
Guatemala;NARTD;RTDJ;Incidence vs FMCG;Modern Trade;MAT Q4.24;8.1;
Guatemala;NARTD;Water;Incidence vs FMCG;Modern Trade;MAT Q4.24;2.6;
Guatemala;NARTD;FMCG;Incidence vs FMCG;Modern Trade;MAT Q4.25;100;
Guatemala;NARTD;Colas;Incidence vs FMCG;Modern Trade;MAT Q4.25;6.9;
Guatemala;NARTD;Sabores;Incidence vs FMCG;Modern Trade;MAT Q4.25;4.3;
Guatemala;NARTD;RTDJ;Incidence vs FMCG;Modern Trade;MAT Q4.25;8.3;
Guatemala;NARTD;Water;Incidence vs FMCG;Modern Trade;MAT Q4.25;4.8;
Guatemala;TCCC;FMCG;Incidence vs FMCG;Modern Trade;MAT Q4.24;100;
Guatemala;TCCC;Colas;Incidence vs FMCG;Modern Trade;MAT Q4.24;6.9;
Guatemala;TCCC;Sabores;Incidence vs FMCG;Modern Trade;MAT Q4.24;4.3;
Guatemala;TCCC;RTDJ;Incidence vs FMCG;Modern Trade;MAT Q4.24;8.3;
Guatemala;TCCC;Water;Incidence vs FMCG;Modern Trade;MAT Q4.24;4.8;
Guatemala;TCCC;FMCG;Incidence vs FMCG;Modern Trade;MAT Q4.25;100;
Guatemala;TCCC;Colas;Incidence vs FMCG;Modern Trade;MAT Q4.25;5.1;
Guatemala;TCCC;Sabores;Incidence vs FMCG;Modern Trade;MAT Q4.25;1.4;
Guatemala;TCCC;RTDJ;Incidence vs FMCG;Modern Trade;MAT Q4.25;0.4;
Guatemala;TCCC;Water;Incidence vs FMCG;Modern Trade;MAT Q4.25;0.6;
Costa Rica;NARTD;FMCG;Incidence vs FMCG;Modern Trade;MAT Q4.24;100;
Costa Rica;NARTD;Colas;Incidence vs FMCG;Modern Trade;MAT Q4.24;5.9;
Costa Rica;NARTD;Sabores;Incidence vs FMCG;Modern Trade;MAT Q4.24;5.4;
Costa Rica;NARTD;RTDJ;Incidence vs FMCG;Modern Trade;MAT Q4.24;7.6;
Costa Rica;NARTD;Water;Incidence vs FMCG;Modern Trade;MAT Q4.24;0.4;
Costa Rica;NARTD;FMCG;Incidence vs FMCG;Modern Trade;MAT Q4.25;100;
Costa Rica;NARTD;Colas;Incidence vs FMCG;Modern Trade;MAT Q4.25;5.3;
Costa Rica;NARTD;Sabores;Incidence vs FMCG;Modern Trade;MAT Q4.25;4.9;
Costa Rica;NARTD;RTDJ;Incidence vs FMCG;Modern Trade;MAT Q4.25;6.2;
Costa Rica;NARTD;Water;Incidence vs FMCG;Modern Trade;MAT Q4.25;0.5;
Costa Rica;TCCC;FMCG;Incidence vs FMCG;Modern Trade;MAT Q4.24;100;
Costa Rica;TCCC;Colas;Incidence vs FMCG;Modern Trade;MAT Q4.24;5.3;
Costa Rica;TCCC;Sabores;Incidence vs FMCG;Modern Trade;MAT Q4.24;4.9;
Costa Rica;TCCC;RTDJ;Incidence vs FMCG;Modern Trade;MAT Q4.24;6.2;
Costa Rica;TCCC;Water;Incidence vs FMCG;Modern Trade;MAT Q4.24;0.5;
Costa Rica;TCCC;FMCG;Incidence vs FMCG;Modern Trade;MAT Q4.25;100;
Costa Rica;TCCC;Colas;Incidence vs FMCG;Modern Trade;MAT Q4.25;3.4;
Costa Rica;TCCC;Sabores;Incidence vs FMCG;Modern Trade;MAT Q4.25;2.9;
Costa Rica;TCCC;RTDJ;Incidence vs FMCG;Modern Trade;MAT Q4.25;1.1;
Costa Rica;TCCC;Water;Incidence vs FMCG;Modern Trade;MAT Q4.25;0;
Honduras;NARTD;FMCG;Incidence vs FMCG;Modern Trade;MAT Q4.24;100;
Honduras;NARTD;Colas;Incidence vs FMCG;Modern Trade;MAT Q4.24;13.7;
Honduras;NARTD;Sabores;Incidence vs FMCG;Modern Trade;MAT Q4.24;8.2;
Honduras;NARTD;RTDJ;Incidence vs FMCG;Modern Trade;MAT Q4.24;11.3;
Honduras;NARTD;Water;Incidence vs FMCG;Modern Trade;MAT Q4.24;3.6;
Honduras;NARTD;FMCG;Incidence vs FMCG;Modern Trade;MAT Q4.25;100;
Honduras;NARTD;Colas;Incidence vs FMCG;Modern Trade;MAT Q4.25;14.6;
Honduras;NARTD;Sabores;Incidence vs FMCG;Modern Trade;MAT Q4.25;8.5;
Honduras;NARTD;RTDJ;Incidence vs FMCG;Modern Trade;MAT Q4.25;8.9;
Honduras;NARTD;Water;Incidence vs FMCG;Modern Trade;MAT Q4.25;3.9;
Honduras;TCCC;FMCG;Incidence vs FMCG;Modern Trade;MAT Q4.24;100;
Honduras;TCCC;Colas;Incidence vs FMCG;Modern Trade;MAT Q4.24;14.6;
Honduras;TCCC;Sabores;Incidence vs FMCG;Modern Trade;MAT Q4.24;8.5;
Honduras;TCCC;RTDJ;Incidence vs FMCG;Modern Trade;MAT Q4.24;8.9;
Honduras;TCCC;Water;Incidence vs FMCG;Modern Trade;MAT Q4.24;3.9;
Honduras;TCCC;FMCG;Incidence vs FMCG;Modern Trade;MAT Q4.25;100;
Honduras;TCCC;Colas;Incidence vs FMCG;Modern Trade;MAT Q4.25;9.1;
Honduras;TCCC;Sabores;Incidence vs FMCG;Modern Trade;MAT Q4.25;2.1;
Honduras;TCCC;RTDJ;Incidence vs FMCG;Modern Trade;MAT Q4.25;0.1;
Honduras;TCCC;Water;Incidence vs FMCG;Modern Trade;MAT Q4.25;0.1;
Republica Dominicana;NARTD;FMCG;Incidence vs FMCG;Modern Trade;MAT Q4.24;100;
Republica Dominicana;NARTD;Colas;Incidence vs FMCG;Modern Trade;MAT Q4.24;4.96;
Republica Dominicana;NARTD;Sabores;Incidence vs FMCG;Modern Trade;MAT Q4.24;5.42;
Republica Dominicana;NARTD;RTDJ;Incidence vs FMCG;Modern Trade;MAT Q4.24;8.77;
Republica Dominicana;NARTD;Water;Incidence vs FMCG;Modern Trade;MAT Q4.24;2.22;
Republica Dominicana;NARTD;FMCG;Incidence vs FMCG;Modern Trade;MAT Q4.25;100;
Republica Dominicana;NARTD;Colas;Incidence vs FMCG;Modern Trade;MAT Q4.25;5.61;
Republica Dominicana;NARTD;Sabores;Incidence vs FMCG;Modern Trade;MAT Q4.25;5.76;
Republica Dominicana;NARTD;RTDJ;Incidence vs FMCG;Modern Trade;MAT Q4.25;9.97;
Republica Dominicana;NARTD;Water;Incidence vs FMCG;Modern Trade;MAT Q4.25;2.06;
Republica Dominicana;TCCC;FMCG;Incidence vs FMCG;Modern Trade;MAT Q4.24;100;
Republica Dominicana;TCCC;Colas;Incidence vs FMCG;Modern Trade;MAT Q4.24;3.04;
Republica Dominicana;TCCC;Sabores;Incidence vs FMCG;Modern Trade;MAT Q4.24;1.75;
Republica Dominicana;TCCC;RTDJ;Incidence vs FMCG;Modern Trade;MAT Q4.24;0.44;
Republica Dominicana;TCCC;Water;Incidence vs FMCG;Modern Trade;MAT Q4.24;0.4;
Republica Dominicana;TCCC;FMCG;Incidence vs FMCG;Modern Trade;MAT Q4.25;100;
Republica Dominicana;TCCC;Colas;Incidence vs FMCG;Modern Trade;MAT Q4.25;4.23;
Republica Dominicana;TCCC;Sabores;Incidence vs FMCG;Modern Trade;MAT Q4.25;1.98;
Republica Dominicana;TCCC;RTDJ;Incidence vs FMCG;Modern Trade;MAT Q4.25;0.54;
Republica Dominicana;TCCC;Water;Incidence vs FMCG;Modern Trade;MAT Q4.25;0.42;
Colombia;NARTD;FMCG;Incidence vs FMCG;Modern Trade;MAT Q4.24;100;
Colombia;NARTD;Colas;Incidence vs FMCG;Modern Trade;MAT Q4.24;3;
Colombia;NARTD;Sabores;Incidence vs FMCG;Modern Trade;MAT Q4.24;4.8;
Colombia;NARTD;RTDJ;Incidence vs FMCG;Modern Trade;MAT Q4.24;3.5;
Colombia;NARTD;Water;Incidence vs FMCG;Modern Trade;MAT Q4.24;6.2;
Colombia;NARTD;FMCG;Incidence vs FMCG;Modern Trade;MAT Q4.25;100;
Colombia;NARTD;Colas;Incidence vs FMCG;Modern Trade;MAT Q4.25;2.7;
Colombia;NARTD;Sabores;Incidence vs FMCG;Modern Trade;MAT Q4.25;4.4;
Colombia;NARTD;RTDJ;Incidence vs FMCG;Modern Trade;MAT Q4.25;3.4;
Colombia;NARTD;Water;Incidence vs FMCG;Modern Trade;MAT Q4.25;5.3;
Colombia;TCCC;FMCG;Incidence vs FMCG;Modern Trade;MAT Q4.24;100;
Colombia;TCCC;Colas;Incidence vs FMCG;Modern Trade;MAT Q4.24;2.5;
Colombia;TCCC;Sabores;Incidence vs FMCG;Modern Trade;MAT Q4.24;0.8;
Colombia;TCCC;RTDJ;Incidence vs FMCG;Modern Trade;MAT Q4.24;0.7;
Colombia;TCCC;Water;Incidence vs FMCG;Modern Trade;MAT Q4.24;0.7;
Colombia;TCCC;FMCG;Incidence vs FMCG;Modern Trade;MAT Q4.25;100;
Colombia;TCCC;Colas;Incidence vs FMCG;Modern Trade;MAT Q4.25;2.3;
Colombia;TCCC;Sabores;Incidence vs FMCG;Modern Trade;MAT Q4.25;0.9;
Colombia;TCCC;RTDJ;Incidence vs FMCG;Modern Trade;MAT Q4.25;0.6;
Colombia;TCCC;Water;Incidence vs FMCG;Modern Trade;MAT Q4.25;0.6;
Ecuador;NARTD;FMCG;Incidence vs FMCG;Modern Trade;MAT Q4.24;100;
Ecuador;NARTD;Colas;Incidence vs FMCG;Modern Trade;MAT Q4.24;27.9;
Ecuador;NARTD;Sabores;Incidence vs FMCG;Modern Trade;MAT Q4.24;19.7;
Ecuador;NARTD;RTDJ;Incidence vs FMCG;Modern Trade;MAT Q4.24;37.1;
Ecuador;NARTD;Water;Incidence vs FMCG;Modern Trade;MAT Q4.24;30.2;
Ecuador;NARTD;FMCG;Incidence vs FMCG;Modern Trade;MAT Q4.25;100;
Ecuador;NARTD;Colas;Incidence vs FMCG;Modern Trade;MAT Q4.25;26;
Ecuador;NARTD;Sabores;Incidence vs FMCG;Modern Trade;MAT Q4.25;16.6;
Ecuador;NARTD;RTDJ;Incidence vs FMCG;Modern Trade;MAT Q4.25;33.4;
Ecuador;NARTD;Water;Incidence vs FMCG;Modern Trade;MAT Q4.25;33.1;
Ecuador;TCCC;FMCG;Incidence vs FMCG;Modern Trade;MAT Q4.24;100;
Ecuador;TCCC;Colas;Incidence vs FMCG;Modern Trade;MAT Q4.24;53.1;
Ecuador;TCCC;Sabores;Incidence vs FMCG;Modern Trade;MAT Q4.24;23.9;
Ecuador;TCCC;RTDJ;Incidence vs FMCG;Modern Trade;MAT Q4.24;12.5;
Ecuador;TCCC;Water;Incidence vs FMCG;Modern Trade;MAT Q4.24;7.1;
Ecuador;TCCC;FMCG;Incidence vs FMCG;Modern Trade;MAT Q4.25;100;
Ecuador;TCCC;Colas;Incidence vs FMCG;Modern Trade;MAT Q4.25;55.6;
Ecuador;TCCC;Sabores;Incidence vs FMCG;Modern Trade;MAT Q4.25;22.5;
Ecuador;TCCC;RTDJ;Incidence vs FMCG;Modern Trade;MAT Q4.25;9.3;
Ecuador;TCCC;Water;Incidence vs FMCG;Modern Trade;MAT Q4.25;9;
Peru;NARTD;FMCG;Incidence vs FMCG;Modern Trade;MAT Q4.24;100;
Peru;NARTD;Colas;Incidence vs FMCG;Modern Trade;MAT Q4.24;5;
Peru;NARTD;Sabores;Incidence vs FMCG;Modern Trade;MAT Q4.24;7.4;
Peru;NARTD;RTDJ;Incidence vs FMCG;Modern Trade;MAT Q4.24;4;
Peru;NARTD;Water;Incidence vs FMCG;Modern Trade;MAT Q4.24;7;
Peru;NARTD;FMCG;Incidence vs FMCG;Modern Trade;MAT Q4.25;100;
Peru;NARTD;Colas;Incidence vs FMCG;Modern Trade;MAT Q4.25;4.9;
Peru;NARTD;Sabores;Incidence vs FMCG;Modern Trade;MAT Q4.25;6.9;
Peru;NARTD;RTDJ;Incidence vs FMCG;Modern Trade;MAT Q4.25;4.4;
Peru;NARTD;Water;Incidence vs FMCG;Modern Trade;MAT Q4.25;6.3;
Peru;TCCC;FMCG;Incidence vs FMCG;Modern Trade;MAT Q4.24;100;
Peru;TCCC;Colas;Incidence vs FMCG;Modern Trade;MAT Q4.24;3.1;
Peru;TCCC;Sabores;Incidence vs FMCG;Modern Trade;MAT Q4.24;4.7;
Peru;TCCC;RTDJ;Incidence vs FMCG;Modern Trade;MAT Q4.24;2;
Peru;TCCC;Water;Incidence vs FMCG;Modern Trade;MAT Q4.24;2.3;
Peru;TCCC;FMCG;Incidence vs FMCG;Modern Trade;MAT Q4.25;100;
Peru;TCCC;Colas;Incidence vs FMCG;Modern Trade;MAT Q4.25;3.1;
Peru;TCCC;Sabores;Incidence vs FMCG;Modern Trade;MAT Q4.25;4.3;
Peru;TCCC;RTDJ;Incidence vs FMCG;Modern Trade;MAT Q4.25;2.5;
Peru;TCCC;Water;Incidence vs FMCG;Modern Trade;MAT Q4.25;1.8;
Center Zone;NARTD;FMCG;Incidence vs FMCG;Traditional Trade;MAT Q4.24;100;
Center Zone;NARTD;Colas;Incidence vs FMCG;Traditional Trade;MAT Q4.24;0.10916128756861007;
Center Zone;NARTD;Sabores;Incidence vs FMCG;Traditional Trade;MAT Q4.24;0.06552807616598737;
Center Zone;NARTD;RTDJ;Incidence vs FMCG;Traditional Trade;MAT Q4.24;0.043789401848948764;
Center Zone;NARTD;Water;Incidence vs FMCG;Traditional Trade;MAT Q4.24;0.055424699849184564;
Center Zone;NARTD;FMCG;Incidence vs FMCG;Traditional Trade;MAT Q4.25;100;
Center Zone;NARTD;Colas;Incidence vs FMCG;Traditional Trade;MAT Q4.25;0.11080244825451034;
Center Zone;NARTD;Sabores;Incidence vs FMCG;Traditional Trade;MAT Q4.25;0.07173469724394825;
Center Zone;NARTD;RTDJ;Incidence vs FMCG;Traditional Trade;MAT Q4.25;0.04337864226842253;
Center Zone;NARTD;Water;Incidence vs FMCG;Traditional Trade;MAT Q4.25;0.060269181570446084;
Center Zone;TCCC;FMCG;Incidence vs FMCG;Traditional Trade;MAT Q4.24;100;
Center Zone;TCCC;Colas;Incidence vs FMCG;Traditional Trade;MAT Q4.24;0.08042346643970627;
Center Zone;TCCC;Sabores;Incidence vs FMCG;Traditional Trade;MAT Q4.24;0.025588167028491624;
Center Zone;TCCC;RTDJ;Incidence vs FMCG;Traditional Trade;MAT Q4.24;0.0076297150181990556;
Center Zone;TCCC;Water;Incidence vs FMCG;Traditional Trade;MAT Q4.24;0.009557755205572496;
Center Zone;TCCC;FMCG;Incidence vs FMCG;Traditional Trade;MAT Q4.25;100;
Center Zone;TCCC;Colas;Incidence vs FMCG;Traditional Trade;MAT Q4.25;;
Center Zone;TCCC;Sabores;Incidence vs FMCG;Traditional Trade;MAT Q4.25;;
Center Zone;TCCC;RTDJ;Incidence vs FMCG;Traditional Trade;MAT Q4.25;;
Center Zone;TCCC;Water;Incidence vs FMCG;Traditional Trade;MAT Q4.25;;
Guatemala;NARTD;FMCG;Incidence vs FMCG;Traditional Trade;MAT Q4.24;100;
Guatemala;NARTD;Colas;Incidence vs FMCG;Traditional Trade;MAT Q4.24;16.3;
Guatemala;NARTD;Sabores;Incidence vs FMCG;Traditional Trade;MAT Q4.24;5.4;
Guatemala;NARTD;RTDJ;Incidence vs FMCG;Traditional Trade;MAT Q4.24;5.4;
Guatemala;NARTD;Water;Incidence vs FMCG;Traditional Trade;MAT Q4.24;3.2;
Guatemala;NARTD;FMCG;Incidence vs FMCG;Traditional Trade;MAT Q4.25;100;
Guatemala;NARTD;Colas;Incidence vs FMCG;Traditional Trade;MAT Q4.25;15;
Guatemala;NARTD;Sabores;Incidence vs FMCG;Traditional Trade;MAT Q4.25;4.9;
Guatemala;NARTD;RTDJ;Incidence vs FMCG;Traditional Trade;MAT Q4.25;4.5;
Guatemala;NARTD;Water;Incidence vs FMCG;Traditional Trade;MAT Q4.25;4;
Guatemala;TCCC;FMCG;Incidence vs FMCG;Traditional Trade;MAT Q4.24;100;
Guatemala;TCCC;Colas;Incidence vs FMCG;Traditional Trade;MAT Q4.24;15;
Guatemala;TCCC;Sabores;Incidence vs FMCG;Traditional Trade;MAT Q4.24;4.9;
Guatemala;TCCC;RTDJ;Incidence vs FMCG;Traditional Trade;MAT Q4.24;4.5;
Guatemala;TCCC;Water;Incidence vs FMCG;Traditional Trade;MAT Q4.24;4;
Guatemala;TCCC;FMCG;Incidence vs FMCG;Traditional Trade;MAT Q4.25;100;
Guatemala;TCCC;Colas;Incidence vs FMCG;Traditional Trade;MAT Q4.25;10.3;
Guatemala;TCCC;Sabores;Incidence vs FMCG;Traditional Trade;MAT Q4.25;0.6;
Guatemala;TCCC;RTDJ;Incidence vs FMCG;Traditional Trade;MAT Q4.25;0.2;
Guatemala;TCCC;Water;Incidence vs FMCG;Traditional Trade;MAT Q4.25;0.4;
Costa Rica;NARTD;FMCG;Incidence vs FMCG;Traditional Trade;MAT Q4.24;100;
Costa Rica;NARTD;Colas;Incidence vs FMCG;Traditional Trade;MAT Q4.24;13.6;
Costa Rica;NARTD;Sabores;Incidence vs FMCG;Traditional Trade;MAT Q4.24;5.5;
Costa Rica;NARTD;RTDJ;Incidence vs FMCG;Traditional Trade;MAT Q4.24;5;
Costa Rica;NARTD;Water;Incidence vs FMCG;Traditional Trade;MAT Q4.24;0.2;
Costa Rica;NARTD;FMCG;Incidence vs FMCG;Traditional Trade;MAT Q4.25;100;
Costa Rica;NARTD;Colas;Incidence vs FMCG;Traditional Trade;MAT Q4.25;12.6;
Costa Rica;NARTD;Sabores;Incidence vs FMCG;Traditional Trade;MAT Q4.25;6.5;
Costa Rica;NARTD;RTDJ;Incidence vs FMCG;Traditional Trade;MAT Q4.25;5.1;
Costa Rica;NARTD;Water;Incidence vs FMCG;Traditional Trade;MAT Q4.25;0.2;
Costa Rica;TCCC;FMCG;Incidence vs FMCG;Traditional Trade;MAT Q4.24;100;
Costa Rica;TCCC;Colas;Incidence vs FMCG;Traditional Trade;MAT Q4.24;12.6;
Costa Rica;TCCC;Sabores;Incidence vs FMCG;Traditional Trade;MAT Q4.24;6.5;
Costa Rica;TCCC;RTDJ;Incidence vs FMCG;Traditional Trade;MAT Q4.24;5.1;
Costa Rica;TCCC;Water;Incidence vs FMCG;Traditional Trade;MAT Q4.24;0.2;
Costa Rica;TCCC;FMCG;Incidence vs FMCG;Traditional Trade;MAT Q4.25;100;
Costa Rica;TCCC;Colas;Incidence vs FMCG;Traditional Trade;MAT Q4.25;8.5;
Costa Rica;TCCC;Sabores;Incidence vs FMCG;Traditional Trade;MAT Q4.25;3.7;
Costa Rica;TCCC;RTDJ;Incidence vs FMCG;Traditional Trade;MAT Q4.25;0.7;
Costa Rica;TCCC;Water;Incidence vs FMCG;Traditional Trade;MAT Q4.25;0;
Honduras;NARTD;FMCG;Incidence vs FMCG;Traditional Trade;MAT Q4.24;100;
Honduras;NARTD;Colas;Incidence vs FMCG;Traditional Trade;MAT Q4.24;48.4;
Honduras;NARTD;Sabores;Incidence vs FMCG;Traditional Trade;MAT Q4.24;3.6;
Honduras;NARTD;RTDJ;Incidence vs FMCG;Traditional Trade;MAT Q4.24;7.5;
Honduras;NARTD;Water;Incidence vs FMCG;Traditional Trade;MAT Q4.24;4.6;
Honduras;NARTD;FMCG;Incidence vs FMCG;Traditional Trade;MAT Q4.25;100;
Honduras;NARTD;Colas;Incidence vs FMCG;Traditional Trade;MAT Q4.25;52.4;
Honduras;NARTD;Sabores;Incidence vs FMCG;Traditional Trade;MAT Q4.25;3.9;
Honduras;NARTD;RTDJ;Incidence vs FMCG;Traditional Trade;MAT Q4.25;5.9;
Honduras;NARTD;Water;Incidence vs FMCG;Traditional Trade;MAT Q4.25;6;
Honduras;TCCC;FMCG;Incidence vs FMCG;Traditional Trade;MAT Q4.24;100;
Honduras;TCCC;Colas;Incidence vs FMCG;Traditional Trade;MAT Q4.24;52.4;
Honduras;TCCC;Sabores;Incidence vs FMCG;Traditional Trade;MAT Q4.24;3.9;
Honduras;TCCC;RTDJ;Incidence vs FMCG;Traditional Trade;MAT Q4.24;5.9;
Honduras;TCCC;Water;Incidence vs FMCG;Traditional Trade;MAT Q4.24;6;
Honduras;TCCC;FMCG;Incidence vs FMCG;Traditional Trade;MAT Q4.25;100;
Honduras;TCCC;Colas;Incidence vs FMCG;Traditional Trade;MAT Q4.25;44.6;
Honduras;TCCC;Sabores;Incidence vs FMCG;Traditional Trade;MAT Q4.25;1.5;
Honduras;TCCC;RTDJ;Incidence vs FMCG;Traditional Trade;MAT Q4.25;0.1;
Honduras;TCCC;Water;Incidence vs FMCG;Traditional Trade;MAT Q4.25;0;
Republica Dominicana;NARTD;FMCG;Incidence vs FMCG;Traditional Trade;MAT Q4.24;100;
Republica Dominicana;NARTD;Colas;Incidence vs FMCG;Traditional Trade;MAT Q4.24;8.89;
Republica Dominicana;NARTD;Sabores;Incidence vs FMCG;Traditional Trade;MAT Q4.24;9.77;
Republica Dominicana;NARTD;RTDJ;Incidence vs FMCG;Traditional Trade;MAT Q4.24;13.13;
Republica Dominicana;NARTD;Water;Incidence vs FMCG;Traditional Trade;MAT Q4.24;5.07;
Republica Dominicana;NARTD;FMCG;Incidence vs FMCG;Traditional Trade;MAT Q4.25;100;
Republica Dominicana;NARTD;Colas;Incidence vs FMCG;Traditional Trade;MAT Q4.25;8.28;
Republica Dominicana;NARTD;Sabores;Incidence vs FMCG;Traditional Trade;MAT Q4.25;8.14;
Republica Dominicana;NARTD;RTDJ;Incidence vs FMCG;Traditional Trade;MAT Q4.25;12.68;
Republica Dominicana;NARTD;Water;Incidence vs FMCG;Traditional Trade;MAT Q4.25;5.43;
Republica Dominicana;TCCC;FMCG;Incidence vs FMCG;Traditional Trade;MAT Q4.24;100;
Republica Dominicana;TCCC;Colas;Incidence vs FMCG;Traditional Trade;MAT Q4.24;3.38;
Republica Dominicana;TCCC;Sabores;Incidence vs FMCG;Traditional Trade;MAT Q4.24;2.26;
Republica Dominicana;TCCC;RTDJ;Incidence vs FMCG;Traditional Trade;MAT Q4.24;0.22;
Republica Dominicana;TCCC;Water;Incidence vs FMCG;Traditional Trade;MAT Q4.24;0.36;
Republica Dominicana;TCCC;FMCG;Incidence vs FMCG;Traditional Trade;MAT Q4.25;100;
Republica Dominicana;TCCC;Colas;Incidence vs FMCG;Traditional Trade;MAT Q4.25;4.35;
Republica Dominicana;TCCC;Sabores;Incidence vs FMCG;Traditional Trade;MAT Q4.25;2.66;
Republica Dominicana;TCCC;RTDJ;Incidence vs FMCG;Traditional Trade;MAT Q4.25;0.22;
Republica Dominicana;TCCC;Water;Incidence vs FMCG;Traditional Trade;MAT Q4.25;0.37;
Colombia;NARTD;FMCG;Incidence vs FMCG;Traditional Trade;MAT Q4.24;100;
Colombia;NARTD;Colas;Incidence vs FMCG;Traditional Trade;MAT Q4.24;5.7;
Colombia;NARTD;Sabores;Incidence vs FMCG;Traditional Trade;MAT Q4.24;4.5;
Colombia;NARTD;RTDJ;Incidence vs FMCG;Traditional Trade;MAT Q4.24;2.6;
Colombia;NARTD;Water;Incidence vs FMCG;Traditional Trade;MAT Q4.24;3.3;
Colombia;NARTD;FMCG;Incidence vs FMCG;Traditional Trade;MAT Q4.25;100;
Colombia;NARTD;Colas;Incidence vs FMCG;Traditional Trade;MAT Q4.25;5.6;
Colombia;NARTD;Sabores;Incidence vs FMCG;Traditional Trade;MAT Q4.25;5.4;
Colombia;NARTD;RTDJ;Incidence vs FMCG;Traditional Trade;MAT Q4.25;3.1;
Colombia;NARTD;Water;Incidence vs FMCG;Traditional Trade;MAT Q4.25;3.9;
Colombia;TCCC;FMCG;Incidence vs FMCG;Traditional Trade;MAT Q4.24;100;
Colombia;TCCC;Colas;Incidence vs FMCG;Traditional Trade;MAT Q4.24;4.6;
Colombia;TCCC;Sabores;Incidence vs FMCG;Traditional Trade;MAT Q4.24;0.6;
Colombia;TCCC;RTDJ;Incidence vs FMCG;Traditional Trade;MAT Q4.24;0.5;
Colombia;TCCC;Water;Incidence vs FMCG;Traditional Trade;MAT Q4.24;0.6;
Colombia;TCCC;FMCG;Incidence vs FMCG;Traditional Trade;MAT Q4.25;100;
Colombia;TCCC;Colas;Incidence vs FMCG;Traditional Trade;MAT Q4.25;4.5;
Colombia;TCCC;Sabores;Incidence vs FMCG;Traditional Trade;MAT Q4.25;0.8;
Colombia;TCCC;RTDJ;Incidence vs FMCG;Traditional Trade;MAT Q4.25;0.5;
Colombia;TCCC;Water;Incidence vs FMCG;Traditional Trade;MAT Q4.25;0.8;
Ecuador;NARTD;FMCG;Incidence vs FMCG;Traditional Trade;MAT Q4.24;100;
Ecuador;NARTD;Colas;Incidence vs FMCG;Traditional Trade;MAT Q4.24;56.8;
Ecuador;NARTD;Sabores;Incidence vs FMCG;Traditional Trade;MAT Q4.24;19.5;
Ecuador;NARTD;RTDJ;Incidence vs FMCG;Traditional Trade;MAT Q4.24;10.5;
Ecuador;NARTD;Water;Incidence vs FMCG;Traditional Trade;MAT Q4.24;23.7;
Ecuador;NARTD;FMCG;Incidence vs FMCG;Traditional Trade;MAT Q4.25;100;
Ecuador;NARTD;Colas;Incidence vs FMCG;Traditional Trade;MAT Q4.25;48;
Ecuador;NARTD;Sabores;Incidence vs FMCG;Traditional Trade;MAT Q4.25;23.3;
Ecuador;NARTD;RTDJ;Incidence vs FMCG;Traditional Trade;MAT Q4.25;9.7;
Ecuador;NARTD;Water;Incidence vs FMCG;Traditional Trade;MAT Q4.25;26.2;
Ecuador;TCCC;FMCG;Incidence vs FMCG;Traditional Trade;MAT Q4.24;100;
Ecuador;TCCC;Colas;Incidence vs FMCG;Traditional Trade;MAT Q4.24;76.1;
Ecuador;TCCC;Sabores;Incidence vs FMCG;Traditional Trade;MAT Q4.24;15.3;
Ecuador;TCCC;RTDJ;Incidence vs FMCG;Traditional Trade;MAT Q4.24;2.7;
Ecuador;TCCC;Water;Incidence vs FMCG;Traditional Trade;MAT Q4.24;4.5;
Ecuador;TCCC;FMCG;Incidence vs FMCG;Traditional Trade;MAT Q4.25;100;
Ecuador;TCCC;Colas;Incidence vs FMCG;Traditional Trade;MAT Q4.25;69.5;
Ecuador;TCCC;Sabores;Incidence vs FMCG;Traditional Trade;MAT Q4.25;20.7;
Ecuador;TCCC;RTDJ;Incidence vs FMCG;Traditional Trade;MAT Q4.25;3.8;
Ecuador;TCCC;Water;Incidence vs FMCG;Traditional Trade;MAT Q4.25;6.9;
Peru;NARTD;FMCG;Incidence vs FMCG;Traditional Trade;MAT Q4.24;100;
Peru;NARTD;Colas;Incidence vs FMCG;Traditional Trade;MAT Q4.24;5.8;
Peru;NARTD;Sabores;Incidence vs FMCG;Traditional Trade;MAT Q4.24;7.1;
Peru;NARTD;RTDJ;Incidence vs FMCG;Traditional Trade;MAT Q4.24;3.2;
Peru;NARTD;Water;Incidence vs FMCG;Traditional Trade;MAT Q4.24;6.8;
Peru;NARTD;FMCG;Incidence vs FMCG;Traditional Trade;MAT Q4.25;100;
Peru;NARTD;Colas;Incidence vs FMCG;Traditional Trade;MAT Q4.25;6.2;
Peru;NARTD;Sabores;Incidence vs FMCG;Traditional Trade;MAT Q4.25;8.2;
Peru;NARTD;RTDJ;Incidence vs FMCG;Traditional Trade;MAT Q4.25;3.6;
Peru;NARTD;Water;Incidence vs FMCG;Traditional Trade;MAT Q4.25;7;
Peru;TCCC;FMCG;Incidence vs FMCG;Traditional Trade;MAT Q4.24;100;
Peru;TCCC;Colas;Incidence vs FMCG;Traditional Trade;MAT Q4.24;3.6;
Peru;TCCC;Sabores;Incidence vs FMCG;Traditional Trade;MAT Q4.24;4.1;
Peru;TCCC;RTDJ;Incidence vs FMCG;Traditional Trade;MAT Q4.24;1.2;
Peru;TCCC;Water;Incidence vs FMCG;Traditional Trade;MAT Q4.24;1.5;
Peru;TCCC;FMCG;Incidence vs FMCG;Traditional Trade;MAT Q4.25;100;
Peru;TCCC;Colas;Incidence vs FMCG;Traditional Trade;MAT Q4.25;3.9;
Peru;TCCC;Sabores;Incidence vs FMCG;Traditional Trade;MAT Q4.25;4.7;
Peru;TCCC;RTDJ;Incidence vs FMCG;Traditional Trade;MAT Q4.25;1.3;
Peru;TCCC;Water;Incidence vs FMCG;Traditional Trade;MAT Q4.25;1.3;
Guatemala;NARTD;FMCG;Incidence vs FMCG;T. Channels;MAT Q4.24;842959300;
Guatemala;NARTD;Colas;Incidence vs FMCG;T. Channels;MAT Q4.24;86844850;
Guatemala;NARTD;Sabores;Incidence vs FMCG;T. Channels;MAT Q4.24;32675600;
Guatemala;NARTD;RTDJ;Incidence vs FMCG;T. Channels;MAT Q4.24;38865260;
Guatemala;NARTD;Water;Incidence vs FMCG;T. Channels;MAT Q4.24;74360100;
Guatemala;NARTD;FMCG;Incidence vs FMCG;T. Channels;MAT Q4.25;942350800;
Guatemala;NARTD;Colas;Incidence vs FMCG;T. Channels;MAT Q4.25;84720900;
Guatemala;NARTD;Sabores;Incidence vs FMCG;T. Channels;MAT Q4.25;31826460;
Guatemala;NARTD;RTDJ;Incidence vs FMCG;T. Channels;MAT Q4.25;38371570;
Guatemala;NARTD;Water;Incidence vs FMCG;T. Channels;MAT Q4.25;86426730;
Guatemala;TCCC;FMCG;Incidence vs FMCG;T. Channels;MAT Q4.24;842959300;
Guatemala;TCCC;Colas;Incidence vs FMCG;T. Channels;MAT Q4.24;63595850;
Guatemala;TCCC;Sabores;Incidence vs FMCG;T. Channels;MAT Q4.24;4769178;
Guatemala;TCCC;RTDJ;Incidence vs FMCG;T. Channels;MAT Q4.24;1579586;
Guatemala;TCCC;Water;Incidence vs FMCG;T. Channels;MAT Q4.24;1254457;
Guatemala;TCCC;FMCG;Incidence vs FMCG;T. Channels;MAT Q4.25;942350800;
Guatemala;TCCC;Colas;Incidence vs FMCG;T. Channels;MAT Q4.25;59249580;
Guatemala;TCCC;Sabores;Incidence vs FMCG;T. Channels;MAT Q4.25;5798086;
Guatemala;TCCC;RTDJ;Incidence vs FMCG;T. Channels;MAT Q4.25;1826868;
Guatemala;TCCC;Water;Incidence vs FMCG;T. Channels;MAT Q4.25;2311536;
Costa Rica;NARTD;FMCG;Incidence vs FMCG;T. Channels;MAT Q4.24;292591100;
Costa Rica;NARTD;Colas;Incidence vs FMCG;T. Channels;MAT Q4.24;25329220;
Costa Rica;NARTD;Sabores;Incidence vs FMCG;T. Channels;MAT Q4.24;13907590;
Costa Rica;NARTD;RTDJ;Incidence vs FMCG;T. Channels;MAT Q4.24;15507630;
Costa Rica;NARTD;Water;Incidence vs FMCG;T. Channels;MAT Q4.24;888687.8;
Costa Rica;NARTD;FMCG;Incidence vs FMCG;T. Channels;MAT Q4.25;297058600;
Costa Rica;NARTD;Colas;Incidence vs FMCG;T. Channels;MAT Q4.25;22429230;
Costa Rica;NARTD;Sabores;Incidence vs FMCG;T. Channels;MAT Q4.25;14448860;
Costa Rica;NARTD;RTDJ;Incidence vs FMCG;T. Channels;MAT Q4.25;14527190;
Costa Rica;NARTD;Water;Incidence vs FMCG;T. Channels;MAT Q4.25;1069228;
Costa Rica;TCCC;FMCG;Incidence vs FMCG;T. Channels;MAT Q4.24;292591100;
Costa Rica;TCCC;Colas;Incidence vs FMCG;T. Channels;MAT Q4.24;17687830;
Costa Rica;TCCC;Sabores;Incidence vs FMCG;T. Channels;MAT Q4.24;7722058;
Costa Rica;TCCC;RTDJ;Incidence vs FMCG;T. Channels;MAT Q4.24;2511144;
Costa Rica;TCCC;Water;Incidence vs FMCG;T. Channels;MAT Q4.24;19549.8;
Costa Rica;TCCC;FMCG;Incidence vs FMCG;T. Channels;MAT Q4.25;297058600;
Costa Rica;TCCC;Colas;Incidence vs FMCG;T. Channels;MAT Q4.25;15213110;
Costa Rica;TCCC;Sabores;Incidence vs FMCG;T. Channels;MAT Q4.25;8358442;
Costa Rica;TCCC;RTDJ;Incidence vs FMCG;T. Channels;MAT Q4.25;2273964;
Costa Rica;TCCC;Water;Incidence vs FMCG;T. Channels;MAT Q4.25;14018.5;
Honduras;NARTD;FMCG;Incidence vs FMCG;T. Channels;MAT Q4.24;295472300;
Honduras;NARTD;Colas;Incidence vs FMCG;T. Channels;MAT Q4.24;95029940;
Honduras;NARTD;Sabores;Incidence vs FMCG;T. Channels;MAT Q4.24;11898520;
Honduras;NARTD;RTDJ;Incidence vs FMCG;T. Channels;MAT Q4.24;20653470;
Honduras;NARTD;Water;Incidence vs FMCG;T. Channels;MAT Q4.24;42617790;
Honduras;NARTD;FMCG;Incidence vs FMCG;T. Channels;MAT Q4.25;361028800;
Honduras;NARTD;Colas;Incidence vs FMCG;T. Channels;MAT Q4.25;117152500;
Honduras;NARTD;Sabores;Incidence vs FMCG;T. Channels;MAT Q4.25;15178820;
Honduras;NARTD;RTDJ;Incidence vs FMCG;T. Channels;MAT Q4.25;19235890;
Honduras;NARTD;Water;Incidence vs FMCG;T. Channels;MAT Q4.25;48381830;
Honduras;TCCC;FMCG;Incidence vs FMCG;T. Channels;MAT Q4.24;295472300;
Honduras;TCCC;Colas;Incidence vs FMCG;T. Channels;MAT Q4.24;78693560;
Honduras;TCCC;Sabores;Incidence vs FMCG;T. Channels;MAT Q4.24;2622343;
Honduras;TCCC;RTDJ;Incidence vs FMCG;T. Channels;MAT Q4.24;1240105;
Honduras;TCCC;Water;Incidence vs FMCG;T. Channels;MAT Q4.24;195243.1;
Honduras;TCCC;FMCG;Incidence vs FMCG;T. Channels;MAT Q4.25;361028800;
Honduras;TCCC;Colas;Incidence vs FMCG;T. Channels;MAT Q4.25;96368330;
Honduras;TCCC;Sabores;Incidence vs FMCG;T. Channels;MAT Q4.25;4595356;
Honduras;TCCC;RTDJ;Incidence vs FMCG;T. Channels;MAT Q4.25;279634.2;
Honduras;TCCC;Water;Incidence vs FMCG;T. Channels;MAT Q4.25;243903.6;
Republica Dominicana;NARTD;FMCG;Incidence vs FMCG;T. Channels;MAT Q4.24;539490400;
Republica Dominicana;NARTD;Colas;Incidence vs FMCG;T. Channels;MAT Q4.24;35723620;
Republica Dominicana;NARTD;Sabores;Incidence vs FMCG;T. Channels;MAT Q4.24;40503900;
Republica Dominicana;NARTD;RTDJ;Incidence vs FMCG;T. Channels;MAT Q4.24;59814180;
Republica Dominicana;NARTD;Water;Incidence vs FMCG;T. Channels;MAT Q4.24;23885910;
Republica Dominicana;NARTD;FMCG;Incidence vs FMCG;T. Channels;MAT Q4.25;509112400;
Republica Dominicana;NARTD;Colas;Incidence vs FMCG;T. Channels;MAT Q4.25;34026760;
Republica Dominicana;NARTD;Sabores;Incidence vs FMCG;T. Channels;MAT Q4.25;35681660;
Republica Dominicana;NARTD;RTDJ;Incidence vs FMCG;T. Channels;MAT Q4.25;56136400;
Republica Dominicana;NARTD;Water;Incidence vs FMCG;T. Channels;MAT Q4.25;20156990;
Republica Dominicana;TCCC;FMCG;Incidence vs FMCG;T. Channels;MAT Q4.24;539490400;
Republica Dominicana;TCCC;Colas;Incidence vs FMCG;T. Channels;MAT Q4.24;16051540;
Republica Dominicana;TCCC;Sabores;Incidence vs FMCG;T. Channels;MAT Q4.24;10163670;
Republica Dominicana;TCCC;RTDJ;Incidence vs FMCG;T. Channels;MAT Q4.24;1782098;
Republica Dominicana;TCCC;Water;Incidence vs FMCG;T. Channels;MAT Q4.24;2448300;
Republica Dominicana;TCCC;FMCG;Incidence vs FMCG;T. Channels;MAT Q4.25;509112400;
Republica Dominicana;TCCC;Colas;Incidence vs FMCG;T. Channels;MAT Q4.25;21475900;
Republica Dominicana;TCCC;Sabores;Incidence vs FMCG;T. Channels;MAT Q4.25;12000820;
Republica Dominicana;TCCC;RTDJ;Incidence vs FMCG;T. Channels;MAT Q4.25;1884513;
Republica Dominicana;TCCC;Water;Incidence vs FMCG;T. Channels;MAT Q4.25;2352149;
Colombia;NARTD;FMCG;Incidence vs FMCG;T. Channels;MAT Q4.24;3398831000;
Colombia;NARTD;Colas;Incidence vs FMCG;T. Channels;MAT Q4.24;121439400;
Colombia;NARTD;Sabores;Incidence vs FMCG;T. Channels;MAT Q4.24;132493400;
Colombia;NARTD;RTDJ;Incidence vs FMCG;T. Channels;MAT Q4.24;87083100;
Colombia;NARTD;Water;Incidence vs FMCG;T. Channels;MAT Q4.24;128606100;
Colombia;NARTD;FMCG;Incidence vs FMCG;T. Channels;MAT Q4.25;3440361000;
Colombia;NARTD;Colas;Incidence vs FMCG;T. Channels;MAT Q4.25;120247700;
Colombia;NARTD;Sabores;Incidence vs FMCG;T. Channels;MAT Q4.25;143793600;
Colombia;NARTD;RTDJ;Incidence vs FMCG;T. Channels;MAT Q4.25;96494090;
Colombia;NARTD;Water;Incidence vs FMCG;T. Channels;MAT Q4.25;138768900;
Colombia;TCCC;FMCG;Incidence vs FMCG;T. Channels;MAT Q4.24;3398831000;
Colombia;TCCC;Colas;Incidence vs FMCG;T. Channels;MAT Q4.24;100255100;
Colombia;TCCC;Sabores;Incidence vs FMCG;T. Channels;MAT Q4.24;20028530;
Colombia;TCCC;RTDJ;Incidence vs FMCG;T. Channels;MAT Q4.24;15610740;
Colombia;TCCC;Water;Incidence vs FMCG;T. Channels;MAT Q4.24;18906920;
Colombia;TCCC;FMCG;Incidence vs FMCG;T. Channels;MAT Q4.25;3440361000;
Colombia;TCCC;Colas;Incidence vs FMCG;T. Channels;MAT Q4.25;98207940;
Colombia;TCCC;Sabores;Incidence vs FMCG;T. Channels;MAT Q4.25;25867280;
Colombia;TCCC;RTDJ;Incidence vs FMCG;T. Channels;MAT Q4.25;15710270;
Colombia;TCCC;Water;Incidence vs FMCG;T. Channels;MAT Q4.25;21394510;
Ecuador;NARTD;FMCG;Incidence vs FMCG;T. Channels;MAT Q4.24;324915600;
Ecuador;NARTD;Colas;Incidence vs FMCG;T. Channels;MAT Q4.24;109598800;
Ecuador;NARTD;Sabores;Incidence vs FMCG;T. Channels;MAT Q4.24;46161680;
Ecuador;NARTD;RTDJ;Incidence vs FMCG;T. Channels;MAT Q4.24;43842380;
Ecuador;NARTD;Water;Incidence vs FMCG;T. Channels;MAT Q4.24;123337700;
Ecuador;NARTD;FMCG;Incidence vs FMCG;T. Channels;MAT Q4.25;302888400;
Ecuador;NARTD;Colas;Incidence vs FMCG;T. Channels;MAT Q4.25;92689140;
Ecuador;NARTD;Sabores;Incidence vs FMCG;T. Channels;MAT Q4.25;49238590;
Ecuador;NARTD;RTDJ;Incidence vs FMCG;T. Channels;MAT Q4.25;44372260;
Ecuador;NARTD;Water;Incidence vs FMCG;T. Channels;MAT Q4.25;114300000;
Ecuador;TCCC;FMCG;Incidence vs FMCG;T. Channels;MAT Q4.24;116517400;
Ecuador;TCCC;Colas;Incidence vs FMCG;T. Channels;MAT Q4.24;81490450;
Ecuador;TCCC;Sabores;Incidence vs FMCG;T. Channels;MAT Q4.24;20431850;
Ecuador;TCCC;RTDJ;Incidence vs FMCG;T. Channels;MAT Q4.24;5745134;
Ecuador;TCCC;Water;Incidence vs FMCG;T. Channels;MAT Q4.24;6374502;
Ecuador;TCCC;FMCG;Incidence vs FMCG;T. Channels;MAT Q4.25;100757900;
Ecuador;TCCC;Colas;Incidence vs FMCG;T. Channels;MAT Q4.25;64765760;
Ecuador;TCCC;Sabores;Incidence vs FMCG;T. Channels;MAT Q4.25;21224100;
Ecuador;TCCC;RTDJ;Incidence vs FMCG;T. Channels;MAT Q4.25;5591459;
Ecuador;TCCC;Water;Incidence vs FMCG;T. Channels;MAT Q4.25;8289869;
Peru;NARTD;FMCG;Incidence vs FMCG;T. Channels;MAT Q4.24;2176388000;
Peru;NARTD;Colas;Incidence vs FMCG;T. Channels;MAT Q4.24;117940000;
Peru;NARTD;Sabores;Incidence vs FMCG;T. Channels;MAT Q4.24;146111800;
Peru;NARTD;RTDJ;Incidence vs FMCG;T. Channels;MAT Q4.24;68778360;
Peru;NARTD;Water;Incidence vs FMCG;T. Channels;MAT Q4.24;143393400;
Peru;NARTD;FMCG;Incidence vs FMCG;T. Channels;MAT Q4.25;2039442000;
Peru;NARTD;Colas;Incidence vs FMCG;T. Channels;MAT Q4.25;114803700;
Peru;NARTD;Sabores;Incidence vs FMCG;T. Channels;MAT Q4.25;151078100;
Peru;NARTD;RTDJ;Incidence vs FMCG;T. Channels;MAT Q4.25;71123080;
Peru;NARTD;Water;Incidence vs FMCG;T. Channels;MAT Q4.25;146478700;
Peru;TCCC;FMCG;Incidence vs FMCG;T. Channels;MAT Q4.24;2176388000;
Peru;TCCC;Colas;Incidence vs FMCG;T. Channels;MAT Q4.24;73308690;
Peru;TCCC;Sabores;Incidence vs FMCG;T. Channels;MAT Q4.24;86504220;
Peru;TCCC;RTDJ;Incidence vs FMCG;T. Channels;MAT Q4.24;26193070;
Peru;TCCC;Water;Incidence vs FMCG;T. Channels;MAT Q4.24;31311100;
Peru;TCCC;FMCG;Incidence vs FMCG;T. Channels;MAT Q4.25;2039442000;
Peru;TCCC;Colas;Incidence vs FMCG;T. Channels;MAT Q4.25;72047020;
Peru;TCCC;Sabores;Incidence vs FMCG;T. Channels;MAT Q4.25;87754030;
Peru;TCCC;RTDJ;Incidence vs FMCG;T. Channels;MAT Q4.25;28010430;
Peru;TCCC;Water;Incidence vs FMCG;T. Channels;MAT Q4.25;27118830;
Guatemala;NARTD;FMCG;Incidence vs FMCG;Modern Trade;MAT Q4.24;142511800;
Guatemala;NARTD;Colas;Incidence vs FMCG;Modern Trade;MAT Q4.24;9239070;
Guatemala;NARTD;Sabores;Incidence vs FMCG;Modern Trade;MAT Q4.24;5700519;
Guatemala;NARTD;RTDJ;Incidence vs FMCG;Modern Trade;MAT Q4.24;11541830;
Guatemala;NARTD;Water;Incidence vs FMCG;Modern Trade;MAT Q4.24;3646592;
Guatemala;NARTD;FMCG;Incidence vs FMCG;Modern Trade;MAT Q4.25;169628500;
Guatemala;NARTD;Colas;Incidence vs FMCG;Modern Trade;MAT Q4.25;11698370;
Guatemala;NARTD;Sabores;Incidence vs FMCG;Modern Trade;MAT Q4.25;7262400;
Guatemala;NARTD;RTDJ;Incidence vs FMCG;Modern Trade;MAT Q4.25;14090170;
Guatemala;NARTD;Water;Incidence vs FMCG;Modern Trade;MAT Q4.25;8181145;
Guatemala;TCCC;FMCG;Incidence vs FMCG;Modern Trade;MAT Q4.24;142511800;
Guatemala;TCCC;Colas;Incidence vs FMCG;Modern Trade;MAT Q4.24;6589300;
Guatemala;TCCC;Sabores;Incidence vs FMCG;Modern Trade;MAT Q4.24;1684728;
Guatemala;TCCC;RTDJ;Incidence vs FMCG;Modern Trade;MAT Q4.24;414432.4;
Guatemala;TCCC;Water;Incidence vs FMCG;Modern Trade;MAT Q4.24;419460.3;
Guatemala;TCCC;FMCG;Incidence vs FMCG;Modern Trade;MAT Q4.25;169628500;
Guatemala;TCCC;Colas;Incidence vs FMCG;Modern Trade;MAT Q4.25;8720033;
Guatemala;TCCC;Sabores;Incidence vs FMCG;Modern Trade;MAT Q4.25;2308729;
Guatemala;TCCC;RTDJ;Incidence vs FMCG;Modern Trade;MAT Q4.25;719675.1;
Guatemala;TCCC;Water;Incidence vs FMCG;Modern Trade;MAT Q4.25;1068027;
Costa Rica;NARTD;FMCG;Incidence vs FMCG;Modern Trade;MAT Q4.24;102678700;
Costa Rica;NARTD;Colas;Incidence vs FMCG;Modern Trade;MAT Q4.24;6089752;
Costa Rica;NARTD;Sabores;Incidence vs FMCG;Modern Trade;MAT Q4.24;5560282;
Costa Rica;NARTD;RTDJ;Incidence vs FMCG;Modern Trade;MAT Q4.24;7835250;
Costa Rica;NARTD;Water;Incidence vs FMCG;Modern Trade;MAT Q4.24;441262.3;
Costa Rica;NARTD;FMCG;Incidence vs FMCG;Modern Trade;MAT Q4.25;118024200;
Costa Rica;NARTD;Colas;Incidence vs FMCG;Modern Trade;MAT Q4.25;6298470;
Costa Rica;NARTD;Sabores;Incidence vs FMCG;Modern Trade;MAT Q4.25;5752078;
Costa Rica;NARTD;RTDJ;Incidence vs FMCG;Modern Trade;MAT Q4.25;7295500;
Costa Rica;NARTD;Water;Incidence vs FMCG;Modern Trade;MAT Q4.25;594922.3;
Costa Rica;TCCC;FMCG;Incidence vs FMCG;Modern Trade;MAT Q4.24;102678700;
Costa Rica;TCCC;Colas;Incidence vs FMCG;Modern Trade;MAT Q4.24;4138401;
Costa Rica;TCCC;Sabores;Incidence vs FMCG;Modern Trade;MAT Q4.24;3226465;
Costa Rica;TCCC;RTDJ;Incidence vs FMCG;Modern Trade;MAT Q4.24;1372603;
Costa Rica;TCCC;Water;Incidence vs FMCG;Modern Trade;MAT Q4.24;0;
Costa Rica;TCCC;FMCG;Incidence vs FMCG;Modern Trade;MAT Q4.25;118024200;
Costa Rica;TCCC;Colas;Incidence vs FMCG;Modern Trade;MAT Q4.25;4010470;
Costa Rica;TCCC;Sabores;Incidence vs FMCG;Modern Trade;MAT Q4.25;3373575;
Costa Rica;TCCC;RTDJ;Incidence vs FMCG;Modern Trade;MAT Q4.25;1266453;
Costa Rica;TCCC;Water;Incidence vs FMCG;Modern Trade;MAT Q4.25;0;
Honduras;NARTD;FMCG;Incidence vs FMCG;Modern Trade;MAT Q4.24;37389580;
Honduras;NARTD;Colas;Incidence vs FMCG;Modern Trade;MAT Q4.24;5103865;
Honduras;NARTD;Sabores;Incidence vs FMCG;Modern Trade;MAT Q4.24;3076631;
Honduras;NARTD;RTDJ;Incidence vs FMCG;Modern Trade;MAT Q4.24;4241659;
Honduras;NARTD;Water;Incidence vs FMCG;Modern Trade;MAT Q4.24;1337485;
Honduras;NARTD;FMCG;Incidence vs FMCG;Modern Trade;MAT Q4.25;49602660;
Honduras;NARTD;Colas;Incidence vs FMCG;Modern Trade;MAT Q4.25;7258961;
Honduras;NARTD;Sabores;Incidence vs FMCG;Modern Trade;MAT Q4.25;4201585;
Honduras;NARTD;RTDJ;Incidence vs FMCG;Modern Trade;MAT Q4.25;4405999;
Honduras;NARTD;Water;Incidence vs FMCG;Modern Trade;MAT Q4.25;1952316;
Honduras;TCCC;FMCG;Incidence vs FMCG;Modern Trade;MAT Q4.24;37389580;
Honduras;TCCC;Colas;Incidence vs FMCG;Modern Trade;MAT Q4.24;3333361;
Honduras;TCCC;Sabores;Incidence vs FMCG;Modern Trade;MAT Q4.24;796362.1;
Honduras;TCCC;RTDJ;Incidence vs FMCG;Modern Trade;MAT Q4.24;251576.1;
Honduras;TCCC;Water;Incidence vs FMCG;Modern Trade;MAT Q4.24;61633;
Honduras;TCCC;FMCG;Incidence vs FMCG;Modern Trade;MAT Q4.25;49602660;
Honduras;TCCC;Colas;Incidence vs FMCG;Modern Trade;MAT Q4.25;4530892;
Honduras;TCCC;Sabores;Incidence vs FMCG;Modern Trade;MAT Q4.25;1049657;
Honduras;TCCC;RTDJ;Incidence vs FMCG;Modern Trade;MAT Q4.25;46948.1;
Honduras;TCCC;Water;Incidence vs FMCG;Modern Trade;MAT Q4.25;42866.3;
Republica Dominicana;NARTD;FMCG;Incidence vs FMCG;Modern Trade;MAT Q4.24;189806100;
Republica Dominicana;NARTD;Colas;Incidence vs FMCG;Modern Trade;MAT Q4.24;9409239;
Republica Dominicana;NARTD;Sabores;Incidence vs FMCG;Modern Trade;MAT Q4.24;10290570;
Republica Dominicana;NARTD;RTDJ;Incidence vs FMCG;Modern Trade;MAT Q4.24;16641920;
Republica Dominicana;NARTD;Water;Incidence vs FMCG;Modern Trade;MAT Q4.24;4219395;
Republica Dominicana;NARTD;FMCG;Incidence vs FMCG;Modern Trade;MAT Q4.25;210323400;
Republica Dominicana;NARTD;Colas;Incidence vs FMCG;Modern Trade;MAT Q4.25;11794890;
Republica Dominicana;NARTD;Sabores;Incidence vs FMCG;Modern Trade;MAT Q4.25;12119400;
Republica Dominicana;NARTD;RTDJ;Incidence vs FMCG;Modern Trade;MAT Q4.25;20976070;
Republica Dominicana;NARTD;Water;Incidence vs FMCG;Modern Trade;MAT Q4.25;4342216;
Republica Dominicana;TCCC;FMCG;Incidence vs FMCG;Modern Trade;MAT Q4.24;189806100;
Republica Dominicana;TCCC;Colas;Incidence vs FMCG;Modern Trade;MAT Q4.24;5775258;
Republica Dominicana;TCCC;Sabores;Incidence vs FMCG;Modern Trade;MAT Q4.24;3328291;
Republica Dominicana;TCCC;RTDJ;Incidence vs FMCG;Modern Trade;MAT Q4.24;840871;
Republica Dominicana;TCCC;Water;Incidence vs FMCG;Modern Trade;MAT Q4.24;758596;
Republica Dominicana;TCCC;FMCG;Incidence vs FMCG;Modern Trade;MAT Q4.25;210323400;
Republica Dominicana;TCCC;Colas;Incidence vs FMCG;Modern Trade;MAT Q4.25;8904910;
Republica Dominicana;TCCC;Sabores;Incidence vs FMCG;Modern Trade;MAT Q4.25;4162559;
Republica Dominicana;TCCC;RTDJ;Incidence vs FMCG;Modern Trade;MAT Q4.25;1145382;
Republica Dominicana;TCCC;Water;Incidence vs FMCG;Modern Trade;MAT Q4.25;889082;
Colombia;NARTD;FMCG;Incidence vs FMCG;Modern Trade;MAT Q4.24;1203893000;
Colombia;NARTD;Colas;Incidence vs FMCG;Modern Trade;MAT Q4.24;35538400;
Colombia;NARTD;Sabores;Incidence vs FMCG;Modern Trade;MAT Q4.24;58316700;
Colombia;NARTD;RTDJ;Incidence vs FMCG;Modern Trade;MAT Q4.24;41910950;
Colombia;NARTD;Water;Incidence vs FMCG;Modern Trade;MAT Q4.24;74117880;
Colombia;NARTD;FMCG;Incidence vs FMCG;Modern Trade;MAT Q4.25;1347794000;
Colombia;NARTD;Colas;Incidence vs FMCG;Modern Trade;MAT Q4.25;36764880;
Colombia;NARTD;Sabores;Incidence vs FMCG;Modern Trade;MAT Q4.25;59925950;
Colombia;NARTD;RTDJ;Incidence vs FMCG;Modern Trade;MAT Q4.25;45427100;
Colombia;NARTD;Water;Incidence vs FMCG;Modern Trade;MAT Q4.25;71803000;
Colombia;TCCC;FMCG;Incidence vs FMCG;Modern Trade;MAT Q4.24;1203893000;
Colombia;TCCC;Colas;Incidence vs FMCG;Modern Trade;MAT Q4.24;29996370;
Colombia;TCCC;Sabores;Incidence vs FMCG;Modern Trade;MAT Q4.24;9677738;
Colombia;TCCC;RTDJ;Incidence vs FMCG;Modern Trade;MAT Q4.24;8128960;
Colombia;TCCC;Water;Incidence vs FMCG;Modern Trade;MAT Q4.24;7955525;
Colombia;TCCC;FMCG;Incidence vs FMCG;Modern Trade;MAT Q4.25;1347794000;
Colombia;TCCC;Colas;Incidence vs FMCG;Modern Trade;MAT Q4.25;31489330;
Colombia;TCCC;Sabores;Incidence vs FMCG;Modern Trade;MAT Q4.25;12097180;
Colombia;TCCC;RTDJ;Incidence vs FMCG;Modern Trade;MAT Q4.25;7722734;
Colombia;TCCC;Water;Incidence vs FMCG;Modern Trade;MAT Q4.25;7719985;
Ecuador;NARTD;FMCG;Incidence vs FMCG;Modern Trade;MAT Q4.24;64130260;
Ecuador;NARTD;Colas;Incidence vs FMCG;Modern Trade;MAT Q4.24;17878340;
Ecuador;NARTD;Sabores;Incidence vs FMCG;Modern Trade;MAT Q4.24;12609560;
Ecuador;NARTD;RTDJ;Incidence vs FMCG;Modern Trade;MAT Q4.24;23772890;
Ecuador;NARTD;Water;Incidence vs FMCG;Modern Trade;MAT Q4.24;19382770;
Ecuador;NARTD;FMCG;Incidence vs FMCG;Modern Trade;MAT Q4.25;81263190;
Ecuador;NARTD;Colas;Incidence vs FMCG;Modern Trade;MAT Q4.25;21151640;
Ecuador;NARTD;Sabores;Incidence vs FMCG;Modern Trade;MAT Q4.25;13479380;
Ecuador;NARTD;RTDJ;Incidence vs FMCG;Modern Trade;MAT Q4.25;27126830;
Ecuador;NARTD;Water;Incidence vs FMCG;Modern Trade;MAT Q4.25;26860300;
Ecuador;TCCC;FMCG;Incidence vs FMCG;Modern Trade;MAT Q4.24;23869830;
Ecuador;TCCC;Colas;Incidence vs FMCG;Modern Trade;MAT Q4.24;12665720;
Ecuador;TCCC;Sabores;Incidence vs FMCG;Modern Trade;MAT Q4.24;5709385;
Ecuador;TCCC;RTDJ;Incidence vs FMCG;Modern Trade;MAT Q4.24;2981556;
Ecuador;TCCC;Water;Incidence vs FMCG;Modern Trade;MAT Q4.24;1683208;
Ecuador;TCCC;FMCG;Incidence vs FMCG;Modern Trade;MAT Q4.25;28393570;
Ecuador;TCCC;Colas;Incidence vs FMCG;Modern Trade;MAT Q4.25;15773220;
Ecuador;TCCC;Sabores;Incidence vs FMCG;Modern Trade;MAT Q4.25;6376750;
Ecuador;TCCC;RTDJ;Incidence vs FMCG;Modern Trade;MAT Q4.25;2639098;
Ecuador;TCCC;Water;Incidence vs FMCG;Modern Trade;MAT Q4.25;2558400;
Peru;NARTD;FMCG;Incidence vs FMCG;Modern Trade;MAT Q4.24;190697600;
Peru;NARTD;Colas;Incidence vs FMCG;Modern Trade;MAT Q4.24;9449910;
Peru;NARTD;Sabores;Incidence vs FMCG;Modern Trade;MAT Q4.24;14196530;
Peru;NARTD;RTDJ;Incidence vs FMCG;Modern Trade;MAT Q4.24;7675973;
Peru;NARTD;Water;Incidence vs FMCG;Modern Trade;MAT Q4.24;13391790;
Peru;NARTD;FMCG;Incidence vs FMCG;Modern Trade;MAT Q4.25;219437700;
Peru;NARTD;Colas;Incidence vs FMCG;Modern Trade;MAT Q4.25;10681180;
Peru;NARTD;Sabores;Incidence vs FMCG;Modern Trade;MAT Q4.25;15157590;
Peru;NARTD;RTDJ;Incidence vs FMCG;Modern Trade;MAT Q4.25;9760863;
Peru;NARTD;Water;Incidence vs FMCG;Modern Trade;MAT Q4.25;13767200;
Peru;TCCC;FMCG;Incidence vs FMCG;Modern Trade;MAT Q4.24;190697600;
Peru;TCCC;Colas;Incidence vs FMCG;Modern Trade;MAT Q4.24;5870488;
Peru;TCCC;Sabores;Incidence vs FMCG;Modern Trade;MAT Q4.24;9049635;
Peru;TCCC;RTDJ;Incidence vs FMCG;Modern Trade;MAT Q4.24;3856281;
Peru;TCCC;Water;Incidence vs FMCG;Modern Trade;MAT Q4.24;4308649;
Peru;TCCC;FMCG;Incidence vs FMCG;Modern Trade;MAT Q4.25;219437700;
Peru;TCCC;Colas;Incidence vs FMCG;Modern Trade;MAT Q4.25;6802763;
Peru;TCCC;Sabores;Incidence vs FMCG;Modern Trade;MAT Q4.25;9389702;
Peru;TCCC;RTDJ;Incidence vs FMCG;Modern Trade;MAT Q4.25;5421860;
Peru;TCCC;Water;Incidence vs FMCG;Modern Trade;MAT Q4.25;3920226;
Guatemala;NARTD;FMCG;Incidence vs FMCG;Traditional Trade;MAT Q4.24;442419600;
Guatemala;NARTD;Colas;Incidence vs FMCG;Traditional Trade;MAT Q4.24;72265620;
Guatemala;NARTD;Sabores;Incidence vs FMCG;Traditional Trade;MAT Q4.24;24017170;
Guatemala;NARTD;RTDJ;Incidence vs FMCG;Traditional Trade;MAT Q4.24;23716870;
Guatemala;NARTD;Water;Incidence vs FMCG;Traditional Trade;MAT Q4.24;14226410;
Guatemala;NARTD;FMCG;Incidence vs FMCG;Traditional Trade;MAT Q4.25;442991400;
Guatemala;NARTD;Colas;Incidence vs FMCG;Traditional Trade;MAT Q4.25;66234180;
Guatemala;NARTD;Sabores;Incidence vs FMCG;Traditional Trade;MAT Q4.25;21851630;
Guatemala;NARTD;RTDJ;Incidence vs FMCG;Traditional Trade;MAT Q4.25;19952490;
Guatemala;NARTD;Water;Incidence vs FMCG;Traditional Trade;MAT Q4.25;17834630;
Guatemala;TCCC;FMCG;Incidence vs FMCG;Traditional Trade;MAT Q4.24;442419600;
Guatemala;TCCC;Colas;Incidence vs FMCG;Traditional Trade;MAT Q4.24;53054580;
Guatemala;TCCC;Sabores;Incidence vs FMCG;Traditional Trade;MAT Q4.24;2668114;
Guatemala;TCCC;RTDJ;Incidence vs FMCG;Traditional Trade;MAT Q4.24;908532.8;
Guatemala;TCCC;Water;Incidence vs FMCG;Traditional Trade;MAT Q4.24;647576.5;
Guatemala;TCCC;FMCG;Incidence vs FMCG;Traditional Trade;MAT Q4.25;442991400;
Guatemala;TCCC;Colas;Incidence vs FMCG;Traditional Trade;MAT Q4.25;45587960;
Guatemala;TCCC;Sabores;Incidence vs FMCG;Traditional Trade;MAT Q4.25;2795119;
Guatemala;TCCC;RTDJ;Incidence vs FMCG;Traditional Trade;MAT Q4.25;842952.2;
Guatemala;TCCC;Water;Incidence vs FMCG;Traditional Trade;MAT Q4.25;1728775;
Costa Rica;NARTD;FMCG;Incidence vs FMCG;Traditional Trade;MAT Q4.24;115947500;
Costa Rica;NARTD;Colas;Incidence vs FMCG;Traditional Trade;MAT Q4.24;15749420;
Costa Rica;NARTD;Sabores;Incidence vs FMCG;Traditional Trade;MAT Q4.24;6428840;
Costa Rica;NARTD;RTDJ;Incidence vs FMCG;Traditional Trade;MAT Q4.24;5851415;
Costa Rica;NARTD;Water;Incidence vs FMCG;Traditional Trade;MAT Q4.24;279580.7;
Costa Rica;NARTD;FMCG;Incidence vs FMCG;Traditional Trade;MAT Q4.25;103473500;
Costa Rica;NARTD;Colas;Incidence vs FMCG;Traditional Trade;MAT Q4.25;12993910;
Costa Rica;NARTD;Sabores;Incidence vs FMCG;Traditional Trade;MAT Q4.25;6708634;
Costa Rica;NARTD;RTDJ;Incidence vs FMCG;Traditional Trade;MAT Q4.25;5229197;
Costa Rica;NARTD;Water;Incidence vs FMCG;Traditional Trade;MAT Q4.25;180716.7;
Costa Rica;TCCC;FMCG;Incidence vs FMCG;Traditional Trade;MAT Q4.24;115947500;
Costa Rica;TCCC;Colas;Incidence vs FMCG;Traditional Trade;MAT Q4.24;10880850;
Costa Rica;TCCC;Sabores;Incidence vs FMCG;Traditional Trade;MAT Q4.24;3436032;
Costa Rica;TCCC;RTDJ;Incidence vs FMCG;Traditional Trade;MAT Q4.24;809173.3;
Costa Rica;TCCC;Water;Incidence vs FMCG;Traditional Trade;MAT Q4.24;1723.7;
Costa Rica;TCCC;FMCG;Incidence vs FMCG;Traditional Trade;MAT Q4.25;103473500;
Costa Rica;TCCC;Colas;Incidence vs FMCG;Traditional Trade;MAT Q4.25;8816260;
Costa Rica;TCCC;Sabores;Incidence vs FMCG;Traditional Trade;MAT Q4.25;3824941;
Costa Rica;TCCC;RTDJ;Incidence vs FMCG;Traditional Trade;MAT Q4.25;678621.5;
Costa Rica;TCCC;Water;Incidence vs FMCG;Traditional Trade;MAT Q4.25;1766.1;
Honduras;NARTD;FMCG;Incidence vs FMCG;Traditional Trade;MAT Q4.24;173874300;
Honduras;NARTD;Colas;Incidence vs FMCG;Traditional Trade;MAT Q4.24;84219090;
Honduras;NARTD;Sabores;Incidence vs FMCG;Traditional Trade;MAT Q4.24;6334714;
Honduras;NARTD;RTDJ;Incidence vs FMCG;Traditional Trade;MAT Q4.24;12971780;
Honduras;NARTD;Water;Incidence vs FMCG;Traditional Trade;MAT Q4.24;8013375;
Honduras;NARTD;FMCG;Incidence vs FMCG;Traditional Trade;MAT Q4.25;195755000;
Honduras;NARTD;Colas;Incidence vs FMCG;Traditional Trade;MAT Q4.25;102581800;
Honduras;NARTD;Sabores;Incidence vs FMCG;Traditional Trade;MAT Q4.25;7692886;
Honduras;NARTD;RTDJ;Incidence vs FMCG;Traditional Trade;MAT Q4.25;11459100;
Honduras;NARTD;Water;Incidence vs FMCG;Traditional Trade;MAT Q4.25;11760460;
Honduras;TCCC;FMCG;Incidence vs FMCG;Traditional Trade;MAT Q4.24;173874300;
Honduras;TCCC;Colas;Incidence vs FMCG;Traditional Trade;MAT Q4.24;70869110;
Honduras;TCCC;Sabores;Incidence vs FMCG;Traditional Trade;MAT Q4.24;1530158;
Honduras;TCCC;RTDJ;Incidence vs FMCG;Traditional Trade;MAT Q4.24;807060.1;
Honduras;TCCC;Water;Incidence vs FMCG;Traditional Trade;MAT Q4.24;98775.5;
Honduras;TCCC;FMCG;Incidence vs FMCG;Traditional Trade;MAT Q4.25;195755000;
Honduras;TCCC;Colas;Incidence vs FMCG;Traditional Trade;MAT Q4.25;87267380;
Honduras;TCCC;Sabores;Incidence vs FMCG;Traditional Trade;MAT Q4.25;2862800;
Honduras;TCCC;RTDJ;Incidence vs FMCG;Traditional Trade;MAT Q4.25;194856.3;
Honduras;TCCC;Water;Incidence vs FMCG;Traditional Trade;MAT Q4.25;65260.7;
Republica Dominicana;NARTD;FMCG;Incidence vs FMCG;Traditional Trade;MAT Q4.24;270272500;
Republica Dominicana;NARTD;Colas;Incidence vs FMCG;Traditional Trade;MAT Q4.24;24030450;
Republica Dominicana;NARTD;Sabores;Incidence vs FMCG;Traditional Trade;MAT Q4.24;26414150;
Republica Dominicana;NARTD;RTDJ;Incidence vs FMCG;Traditional Trade;MAT Q4.24;35474840;
Republica Dominicana;NARTD;Water;Incidence vs FMCG;Traditional Trade;MAT Q4.24;13693570;
Republica Dominicana;NARTD;FMCG;Incidence vs FMCG;Traditional Trade;MAT Q4.25;194172700;
Republica Dominicana;NARTD;Colas;Incidence vs FMCG;Traditional Trade;MAT Q4.25;16084200;
Republica Dominicana;NARTD;Sabores;Incidence vs FMCG;Traditional Trade;MAT Q4.25;15805990;
Republica Dominicana;NARTD;RTDJ;Incidence vs FMCG;Traditional Trade;MAT Q4.25;24614010;
Republica Dominicana;NARTD;Water;Incidence vs FMCG;Traditional Trade;MAT Q4.25;10534660;
Republica Dominicana;TCCC;FMCG;Incidence vs FMCG;Traditional Trade;MAT Q4.24;270272500;
Republica Dominicana;TCCC;Colas;Incidence vs FMCG;Traditional Trade;MAT Q4.24;9145528;
Republica Dominicana;TCCC;Sabores;Incidence vs FMCG;Traditional Trade;MAT Q4.24;6100726;
Republica Dominicana;TCCC;RTDJ;Incidence vs FMCG;Traditional Trade;MAT Q4.24;584851;
Republica Dominicana;TCCC;Water;Incidence vs FMCG;Traditional Trade;MAT Q4.24;972656;
Republica Dominicana;TCCC;FMCG;Incidence vs FMCG;Traditional Trade;MAT Q4.25;194172700;
Republica Dominicana;TCCC;Colas;Incidence vs FMCG;Traditional Trade;MAT Q4.25;8443107;
Republica Dominicana;TCCC;Sabores;Incidence vs FMCG;Traditional Trade;MAT Q4.25;5163582;
Republica Dominicana;TCCC;RTDJ;Incidence vs FMCG;Traditional Trade;MAT Q4.25;429712;
Republica Dominicana;TCCC;Water;Incidence vs FMCG;Traditional Trade;MAT Q4.25;711636;
Colombia;NARTD;FMCG;Incidence vs FMCG;Traditional Trade;MAT Q4.24;1327226000;
Colombia;NARTD;Colas;Incidence vs FMCG;Traditional Trade;MAT Q4.24;75629310;
Colombia;NARTD;Sabores;Incidence vs FMCG;Traditional Trade;MAT Q4.24;60139310;
Colombia;NARTD;RTDJ;Incidence vs FMCG;Traditional Trade;MAT Q4.24;34924340;
Colombia;NARTD;Water;Incidence vs FMCG;Traditional Trade;MAT Q4.24;43453460;
Colombia;NARTD;FMCG;Incidence vs FMCG;Traditional Trade;MAT Q4.25;1268270000;
Colombia;NARTD;Colas;Incidence vs FMCG;Traditional Trade;MAT Q4.25;71442420;
Colombia;NARTD;Sabores;Incidence vs FMCG;Traditional Trade;MAT Q4.25;68249250;
Colombia;NARTD;RTDJ;Incidence vs FMCG;Traditional Trade;MAT Q4.25;38973420;
Colombia;NARTD;Water;Incidence vs FMCG;Traditional Trade;MAT Q4.25;49378320;
Colombia;TCCC;FMCG;Incidence vs FMCG;Traditional Trade;MAT Q4.24;1327226000;
Colombia;TCCC;Colas;Incidence vs FMCG;Traditional Trade;MAT Q4.24;61300500;
Colombia;TCCC;Sabores;Incidence vs FMCG;Traditional Trade;MAT Q4.24;8095741;
Colombia;TCCC;RTDJ;Incidence vs FMCG;Traditional Trade;MAT Q4.24;6112449;
Colombia;TCCC;Water;Incidence vs FMCG;Traditional Trade;MAT Q4.24;8523039;
Colombia;TCCC;FMCG;Incidence vs FMCG;Traditional Trade;MAT Q4.25;1268270000;
Colombia;TCCC;Colas;Incidence vs FMCG;Traditional Trade;MAT Q4.25;56653960;
Colombia;TCCC;Sabores;Incidence vs FMCG;Traditional Trade;MAT Q4.25;10756300;
Colombia;TCCC;RTDJ;Incidence vs FMCG;Traditional Trade;MAT Q4.25;6626099;
Colombia;TCCC;Water;Incidence vs FMCG;Traditional Trade;MAT Q4.25;9971712;
Ecuador;NARTD;FMCG;Incidence vs FMCG;Traditional Trade;MAT Q4.24;150471400;
Ecuador;NARTD;Colas;Incidence vs FMCG;Traditional Trade;MAT Q4.24;85412310;
Ecuador;NARTD;Sabores;Incidence vs FMCG;Traditional Trade;MAT Q4.24;29319820;
Ecuador;NARTD;RTDJ;Incidence vs FMCG;Traditional Trade;MAT Q4.24;15736130;
Ecuador;NARTD;Water;Incidence vs FMCG;Traditional Trade;MAT Q4.24;35727700;
Ecuador;NARTD;FMCG;Incidence vs FMCG;Traditional Trade;MAT Q4.25;136483700;
Ecuador;NARTD;Colas;Incidence vs FMCG;Traditional Trade;MAT Q4.25;65485220;
Ecuador;NARTD;Sabores;Incidence vs FMCG;Traditional Trade;MAT Q4.25;31843420;
Ecuador;NARTD;RTDJ;Incidence vs FMCG;Traditional Trade;MAT Q4.25;13263210;
Ecuador;NARTD;Water;Incidence vs FMCG;Traditional Trade;MAT Q4.25;35811520;
Ecuador;TCCC;FMCG;Incidence vs FMCG;Traditional Trade;MAT Q4.24;84911000;
Ecuador;TCCC;Colas;Incidence vs FMCG;Traditional Trade;MAT Q4.24;64580460;
Ecuador;TCCC;Sabores;Incidence vs FMCG;Traditional Trade;MAT Q4.24;13022470;
Ecuador;TCCC;RTDJ;Incidence vs FMCG;Traditional Trade;MAT Q4.24;2298135;
Ecuador;TCCC;Water;Incidence vs FMCG;Traditional Trade;MAT Q4.24;3780885;
Ecuador;TCCC;FMCG;Incidence vs FMCG;Traditional Trade;MAT Q4.25;64258080;
Ecuador;TCCC;Colas;Incidence vs FMCG;Traditional Trade;MAT Q4.25;44685190;
Ecuador;TCCC;Sabores;Incidence vs FMCG;Traditional Trade;MAT Q4.25;13303860;
Ecuador;TCCC;RTDJ;Incidence vs FMCG;Traditional Trade;MAT Q4.25;2434349;
Ecuador;TCCC;Water;Incidence vs FMCG;Traditional Trade;MAT Q4.25;4413103;
Peru;NARTD;FMCG;Incidence vs FMCG;Traditional Trade;MAT Q4.24;1703777000;
Peru;NARTD;Colas;Incidence vs FMCG;Traditional Trade;MAT Q4.24;99423350;
Peru;NARTD;Sabores;Incidence vs FMCG;Traditional Trade;MAT Q4.24;121514700;
Peru;NARTD;RTDJ;Incidence vs FMCG;Traditional Trade;MAT Q4.24;54538970;
Peru;NARTD;Water;Incidence vs FMCG;Traditional Trade;MAT Q4.24;116502200;
Peru;NARTD;FMCG;Incidence vs FMCG;Traditional Trade;MAT Q4.25;1541767000;
Peru;NARTD;Colas;Incidence vs FMCG;Traditional Trade;MAT Q4.25;95414570;
Peru;NARTD;Sabores;Incidence vs FMCG;Traditional Trade;MAT Q4.25;126387800;
Peru;NARTD;RTDJ;Incidence vs FMCG;Traditional Trade;MAT Q4.25;54944080;
Peru;NARTD;Water;Incidence vs FMCG;Traditional Trade;MAT Q4.25;108519700;
Peru;TCCC;FMCG;Incidence vs FMCG;Traditional Trade;MAT Q4.24;1703777000;
Peru;TCCC;Colas;Incidence vs FMCG;Traditional Trade;MAT Q4.24;61387220;
Peru;TCCC;Sabores;Incidence vs FMCG;Traditional Trade;MAT Q4.24;70529780;
Peru;TCCC;RTDJ;Incidence vs FMCG;Traditional Trade;MAT Q4.24;19902230;
Peru;TCCC;Water;Incidence vs FMCG;Traditional Trade;MAT Q4.24;25338270;
Peru;TCCC;FMCG;Incidence vs FMCG;Traditional Trade;MAT Q4.25;1541767000;
Peru;TCCC;Colas;Incidence vs FMCG;Traditional Trade;MAT Q4.25;59551300;
Peru;TCCC;Sabores;Incidence vs FMCG;Traditional Trade;MAT Q4.25;72577660;
Peru;TCCC;RTDJ;Incidence vs FMCG;Traditional Trade;MAT Q4.25;20176790;
Peru;TCCC;Water;Incidence vs FMCG;Traditional Trade;MAT Q4.25;20657240;
