Pais;Categoria;KPI;Canal;Periodo;Valor;Variacion_vs_PY
Guatemala;FMCG;Occasions Share %;Total Market;MAT Q4.25;100;
Costa Rica;FMCG;Occasions Share %;Total Market;MAT Q4.25;100;
Honduras;FMCG;Occasions Share %;Total Market;MAT Q4.25;100;
Republica Dominicana;FMCG;Occasions Share %;Total Market;MAT Q4.25;100;
Peru;FMCG;Occasions Share %;Total Market;MAT Q4.25;100;
Ecuador;FMCG;Occasions Share %;Total Market;MAT Q4.25;100;
Colombia;FMCG;Occasions Share %;Total Market;MAT Q4.25;100;
Guatemala;FMCG;Occasions Share %;Total Market;MAT Q4.24;100;
Costa Rica;FMCG;Occasions Share %;Total Market;MAT Q4.24;100;
Honduras;FMCG;Occasions Share %;Total Market;MAT Q4.24;100;
Republica Dominicana;FMCG;Occasions Share %;Total Market;MAT Q4.24;100;
Peru;FMCG;Occasions Share %;Total Market;MAT Q4.24;100;
Ecuador;FMCG;Occasions Share %;Total Market;MAT Q4.24;100;
Colombia;FMCG;Occasions Share %;Total Market;MAT Q4.24;100;
Guatemala;FMCG;Occasions Share %;Modern Trade (Including Wholesalers);MAT Q4.25;18;
Costa Rica;FMCG;Occasions Share %;Modern Trade (Including Wholesalers);MAT Q4.25;39.7;
Honduras;FMCG;Occasions Share %;Modern Trade (Including Wholesalers);MAT Q4.25;13.7;
Republica Dominicana;FMCG;Occasions Share %;Modern Trade (Including Wholesalers);MAT Q4.25;35.18;
Peru;FMCG;Occasions Share %;Modern Trade (Including Wholesalers);MAT Q4.25;10.8;
Ecuador;FMCG;Occasions Share %;Modern Trade (Including Wholesalers);MAT Q4.25;36.9;
Colombia;FMCG;Occasions Share %;Modern Trade (Including Wholesalers);MAT Q4.25;40.596403691356805;
Guatemala;FMCG;Occasions Share %;Modern Trade (Including Wholesalers);MAT Q4.24;16.9;
Costa Rica;FMCG;Occasions Share %;Modern Trade (Including Wholesalers);MAT Q4.24;35.1;
Honduras;FMCG;Occasions Share %;Modern Trade (Including Wholesalers);MAT Q4.24;12.7;
Republica Dominicana;FMCG;Occasions Share %;Modern Trade (Including Wholesalers);MAT Q4.24;41.31;
Peru;FMCG;Occasions Share %;Modern Trade (Including Wholesalers);MAT Q4.24;8.8;
Ecuador;FMCG;Occasions Share %;Modern Trade (Including Wholesalers);MAT Q4.24;30.3;
Colombia;FMCG;Occasions Share %;Modern Trade (Including Wholesalers);MAT Q4.24;36.55083586091806;
Guatemala;FMCG;Occasions Share %;Hypermarket;MAT Q4.25;0.3;
Costa Rica;FMCG;Occasions Share %;Hypermarket;MAT Q4.25;1.9;
Honduras;FMCG;Occasions Share %;Hypermarket;MAT Q4.25;0.7;
Republica Dominicana;FMCG;Occasions Share %;Hypermarket;MAT Q4.25;9.86;
Peru;FMCG;Occasions Share %;Hypermarket;MAT Q4.25;4.3;
Ecuador;FMCG;Occasions Share %;Hypermarket;MAT Q4.25;2.9;
Colombia;FMCG;Occasions Share %;Hypermarket;MAT Q4.25;7.2;
Guatemala;FMCG;Occasions Share %;Hypermarket;MAT Q4.24;0.3;
Costa Rica;FMCG;Occasions Share %;Hypermarket;MAT Q4.24;1.5;
Honduras;FMCG;Occasions Share %;Hypermarket;MAT Q4.24;0.4;
Republica Dominicana;FMCG;Occasions Share %;Hypermarket;MAT Q4.24;14.63;
Peru;FMCG;Occasions Share %;Hypermarket;MAT Q4.24;3.6;
Ecuador;FMCG;Occasions Share %;Hypermarket;MAT Q4.24;2.8;
Colombia;FMCG;Occasions Share %;Hypermarket;MAT Q4.24;6.8;
Guatemala;FMCG;Occasions Share %;Supermarket;MAT Q4.25;3.2;
Costa Rica;FMCG;Occasions Share %;Supermarket;MAT Q4.25;12.6;
Honduras;FMCG;Occasions Share %;Supermarket;MAT Q4.25;4.4;
Republica Dominicana;FMCG;Occasions Share %;Supermarket;MAT Q4.25;24.57;
Peru;FMCG;Occasions Share %;Supermarket;MAT Q4.25;1.2;
Ecuador;FMCG;Occasions Share %;Supermarket;MAT Q4.25;18.4;
Colombia;FMCG;Occasions Share %;Supermarket;MAT Q4.25;6.8;
Guatemala;FMCG;Occasions Share %;Supermarket;MAT Q4.24;2.7;
Costa Rica;FMCG;Occasions Share %;Supermarket;MAT Q4.24;10.7;
Honduras;FMCG;Occasions Share %;Supermarket;MAT Q4.24;4.1;
Republica Dominicana;FMCG;Occasions Share %;Supermarket;MAT Q4.24;25.88;
Peru;FMCG;Occasions Share %;Supermarket;MAT Q4.24;1.7;
Ecuador;FMCG;Occasions Share %;Supermarket;MAT Q4.24;15.1;
Colombia;FMCG;Occasions Share %;Supermarket;MAT Q4.24;6.5;
Guatemala;FMCG;Occasions Share %;Neighborhood + Convenience;MAT Q4.25;1.8;
Costa Rica;FMCG;Occasions Share %;Neighborhood + Convenience;MAT Q4.25;0.3;
Honduras;FMCG;Occasions Share %;Neighborhood + Convenience;MAT Q4.25;1.1;
Republica Dominicana;FMCG;Occasions Share %;Neighborhood + Convenience;MAT Q4.25;0.16;
Peru;FMCG;Occasions Share %;Neighborhood + Convenience;MAT Q4.25;0.5;
Ecuador;FMCG;Occasions Share %;Neighborhood + Convenience;MAT Q4.25;0.9;
Colombia;FMCG;Occasions Share %;Neighborhood + Convenience;MAT Q4.25;0.3;
Guatemala;FMCG;Occasions Share %;Neighborhood + Convenience;MAT Q4.24;1.2;
Costa Rica;FMCG;Occasions Share %;Neighborhood + Convenience;MAT Q4.24;0.3;
Honduras;FMCG;Occasions Share %;Neighborhood + Convenience;MAT Q4.24;1.1;
Republica Dominicana;FMCG;Occasions Share %;Neighborhood + Convenience;MAT Q4.24;0.3;
Peru;FMCG;Occasions Share %;Neighborhood + Convenience;MAT Q4.24;0.5;
Ecuador;FMCG;Occasions Share %;Neighborhood + Convenience;MAT Q4.24;0.7;
Colombia;FMCG;Occasions Share %;Neighborhood + Convenience;MAT Q4.24;0.2;
Guatemala;FMCG;Occasions Share %;Discounters;MAT Q4.25;12.6;
Costa Rica;FMCG;Occasions Share %;Discounters;MAT Q4.25;24.7;
Honduras;FMCG;Occasions Share %;Discounters;MAT Q4.25;7.3;
Republica Dominicana;FMCG;Occasions Share %;Discounters;MAT Q4.25;0;
Peru;FMCG;Occasions Share %;Discounters;MAT Q4.25;4.6;
Ecuador;FMCG;Occasions Share %;Discounters;MAT Q4.25;10;
Colombia;FMCG;Occasions Share %;Discounters;MAT Q4.25;25;
Guatemala;FMCG;Occasions Share %;Discounters;MAT Q4.24;12.6;
Costa Rica;FMCG;Occasions Share %;Discounters;MAT Q4.24;22.4;
Honduras;FMCG;Occasions Share %;Discounters;MAT Q4.24;6.6;
Republica Dominicana;FMCG;Occasions Share %;Discounters;MAT Q4.24;0;
Peru;FMCG;Occasions Share %;Discounters;MAT Q4.24;3;
Ecuador;FMCG;Occasions Share %;Discounters;MAT Q4.24;7;
Colombia;FMCG;Occasions Share %;Discounters;MAT Q4.24;21.9;
Guatemala;FMCG;Occasions Share %;Wholesalers;MAT Q4.25;0.3;
Costa Rica;FMCG;Occasions Share %;Wholesalers;MAT Q4.25;1.4;
Honduras;FMCG;Occasions Share %;Wholesalers;MAT Q4.25;0.4;
Republica Dominicana;FMCG;Occasions Share %;Wholesalers;MAT Q4.25;0.81;
Peru;FMCG;Occasions Share %;Wholesalers;MAT Q4.25;1.6;
Ecuador;FMCG;Occasions Share %;Wholesalers;MAT Q4.25;4.7;
Colombia;FMCG;Occasions Share %;Wholesalers;MAT Q4.25;1.4;
Guatemala;FMCG;Occasions Share %;Wholesalers;MAT Q4.24;0.2;
Costa Rica;FMCG;Occasions Share %;Wholesalers;MAT Q4.24;1;
Honduras;FMCG;Occasions Share %;Wholesalers;MAT Q4.24;0.4;
Republica Dominicana;FMCG;Occasions Share %;Wholesalers;MAT Q4.24;0.88;
Peru;FMCG;Occasions Share %;Wholesalers;MAT Q4.24;1.5;
Ecuador;FMCG;Occasions Share %;Wholesalers;MAT Q4.24;4.7;
Colombia;FMCG;Occasions Share %;Wholesalers;MAT Q4.24;1.1;
Guatemala;FMCG;Occasions Share %;Down The Trade;MAT Q4.25;47;
Costa Rica;FMCG;Occasions Share %;Down The Trade;MAT Q4.25;34.8;
Honduras;FMCG;Occasions Share %;Down The Trade;MAT Q4.25;54.2;
Republica Dominicana;FMCG;Occasions Share %;Down The Trade;MAT Q4.25;50.1;
Peru;FMCG;Occasions Share %;Down The Trade;MAT Q4.25;75.6;
Ecuador;FMCG;Occasions Share %;Down The Trade;MAT Q4.25;32.9;
Colombia;FMCG;Occasions Share %;Down The Trade;MAT Q4.25;36.9;
Guatemala;FMCG;Occasions Share %;Down The Trade;MAT Q4.24;52.5;
Costa Rica;FMCG;Occasions Share %;Down The Trade;MAT Q4.24;39.6;
Honduras;FMCG;Occasions Share %;Down The Trade;MAT Q4.24;58.8;
Republica Dominicana;FMCG;Occasions Share %;Down The Trade;MAT Q4.24;38.14;
Peru;FMCG;Occasions Share %;Down The Trade;MAT Q4.24;78.3;
Ecuador;FMCG;Occasions Share %;Down The Trade;MAT Q4.24;35.2;
Colombia;FMCG;Occasions Share %;Down The Trade;MAT Q4.24;39;
Guatemala;FMCG;Occasions Share %;Minimarket + Ind. Supermarkets;MAT Q4.25;2.3;
Costa Rica;FMCG;Occasions Share %;Minimarket + Ind. Supermarkets;MAT Q4.25;30.8;
Honduras;FMCG;Occasions Share %;Minimarket + Ind. Supermarkets;MAT Q4.25;11.7;
Republica Dominicana;FMCG;Occasions Share %;Minimarket + Ind. Supermarkets;MAT Q4.25;8.6;
Peru;FMCG;Occasions Share %;Minimarket + Ind. Supermarkets;MAT Q4.25;1.8;
Ecuador;FMCG;Occasions Share %;Minimarket + Ind. Supermarkets;MAT Q4.25;2.3;
Colombia;FMCG;Occasions Share %;Minimarket + Ind. Supermarkets;MAT Q4.25;11.1;
Guatemala;FMCG;Occasions Share %;Minimarket + Ind. Supermarkets;MAT Q4.24;1.9;
Costa Rica;FMCG;Occasions Share %;Minimarket + Ind. Supermarkets;MAT Q4.24;31.8;
Honduras;FMCG;Occasions Share %;Minimarket + Ind. Supermarkets;MAT Q4.24;13;
Republica Dominicana;FMCG;Occasions Share %;Minimarket + Ind. Supermarkets;MAT Q4.24;8.37;
Peru;FMCG;Occasions Share %;Minimarket + Ind. Supermarkets;MAT Q4.24;1.7;
Ecuador;FMCG;Occasions Share %;Minimarket + Ind. Supermarkets;MAT Q4.24;1.9;
Colombia;FMCG;Occasions Share %;Minimarket + Ind. Supermarkets;MAT Q4.24;11.9;
Guatemala;FMCG;Occasions Share %;Traditional Store;MAT Q4.25;34.2;
Costa Rica;FMCG;Occasions Share %;Traditional Store;MAT Q4.25;2.7;
Honduras;FMCG;Occasions Share %;Traditional Store;MAT Q4.25;39.4;
Republica Dominicana;FMCG;Occasions Share %;Traditional Store;MAT Q4.25;41.5;
Peru;FMCG;Occasions Share %;Traditional Store;MAT Q4.25;48.5;
Ecuador;FMCG;Occasions Share %;Traditional Store;MAT Q4.25;25;
Colombia;FMCG;Occasions Share %;Traditional Store;MAT Q4.25;18.2;
Guatemala;FMCG;Occasions Share %;Traditional Store;MAT Q4.24;40.3;
Costa Rica;FMCG;Occasions Share %;Traditional Store;MAT Q4.24;5.6;
Honduras;FMCG;Occasions Share %;Traditional Store;MAT Q4.24;42.7;
Republica Dominicana;FMCG;Occasions Share %;Traditional Store;MAT Q4.24;30.1;
Peru;FMCG;Occasions Share %;Traditional Store;MAT Q4.24;49.3;
Ecuador;FMCG;Occasions Share %;Traditional Store;MAT Q4.24;28;
Colombia;FMCG;Occasions Share %;Traditional Store;MAT Q4.24;17.1;
Guatemala;FMCG;Occasions Share %;Bakery;MAT Q4.25;0.2;
Costa Rica;FMCG;Occasions Share %;Bakery;MAT Q4.25;0.9;
Honduras;FMCG;Occasions Share %;Bakery;MAT Q4.25;0;
Republica Dominicana;FMCG;Occasions Share %;Bakery;MAT Q4.25;0.6;
Peru;FMCG;Occasions Share %;Bakery;MAT Q4.25;4.9;
Ecuador;FMCG;Occasions Share %;Bakery;MAT Q4.25;1.1;
Colombia;FMCG;Occasions Share %;Bakery;MAT Q4.25;4.7;
Guatemala;FMCG;Occasions Share %;Bakery;MAT Q4.24;0.1;
Costa Rica;FMCG;Occasions Share %;Bakery;MAT Q4.24;1.4;
Honduras;FMCG;Occasions Share %;Bakery;MAT Q4.24;0;
Republica Dominicana;FMCG;Occasions Share %;Bakery;MAT Q4.24;0.4;
Peru;FMCG;Occasions Share %;Bakery;MAT Q4.24;5.6;
Ecuador;FMCG;Occasions Share %;Bakery;MAT Q4.24;1.6;
Colombia;FMCG;Occasions Share %;Bakery;MAT Q4.24;7.3;
Guatemala;FMCG;Occasions Share %;E-commerce;MAT Q4.25;0;
Costa Rica;FMCG;Occasions Share %;E-commerce;MAT Q4.25;0;
Honduras;FMCG;Occasions Share %;E-commerce;MAT Q4.25;0;
Republica Dominicana;FMCG;Occasions Share %;E-commerce;MAT Q4.25;0.07;
Peru;FMCG;Occasions Share %;E-commerce;MAT Q4.25;0.4;
Ecuador;FMCG;Occasions Share %;E-commerce;MAT Q4.25;0;
Colombia;FMCG;Occasions Share %;E-commerce;MAT Q4.25;0.1;
Guatemala;FMCG;Occasions Share %;E-commerce;MAT Q4.24;0;
Costa Rica;FMCG;Occasions Share %;E-commerce;MAT Q4.24;0;
Honduras;FMCG;Occasions Share %;E-commerce;MAT Q4.24;0;
Republica Dominicana;FMCG;Occasions Share %;E-commerce;MAT Q4.24;0.14;
Peru;FMCG;Occasions Share %;E-commerce;MAT Q4.24;0.4;
Ecuador;FMCG;Occasions Share %;E-commerce;MAT Q4.24;0;
Colombia;FMCG;Occasions Share %;E-commerce;MAT Q4.24;0;
Guatemala;FMCG;Occasions Share %;Door To Door;MAT Q4.25;6.9;
Costa Rica;FMCG;Occasions Share %;Door To Door;MAT Q4.25;0.6;
Honduras;FMCG;Occasions Share %;Door To Door;MAT Q4.25;9.5;
Republica Dominicana;FMCG;Occasions Share %;Door To Door;MAT Q4.25;0.55;
Peru;FMCG;Occasions Share %;Door To Door;MAT Q4.25;1.9;
Ecuador;FMCG;Occasions Share %;Door To Door;MAT Q4.25;5.2;
Colombia;FMCG;Occasions Share %;Door To Door;MAT Q4.25;1.7;
Guatemala;FMCG;Occasions Share %;Door To Door;MAT Q4.24;7.3;
Costa Rica;FMCG;Occasions Share %;Door To Door;MAT Q4.24;0.6;
Honduras;FMCG;Occasions Share %;Door To Door;MAT Q4.24;12;
Republica Dominicana;FMCG;Occasions Share %;Door To Door;MAT Q4.24;0.71;
Peru;FMCG;Occasions Share %;Door To Door;MAT Q4.24;1.8;
Ecuador;FMCG;Occasions Share %;Door To Door;MAT Q4.24;7.7;
Colombia;FMCG;Occasions Share %;Door To Door;MAT Q4.24;1.4;
Guatemala;FMCG;Occasions Share %;Specialized Stores;MAT Q4.25;7.3;
Costa Rica;FMCG;Occasions Share %;Specialized Stores;MAT Q4.25;10.1;
Honduras;FMCG;Occasions Share %;Specialized Stores;MAT Q4.25;3.9;
Republica Dominicana;FMCG;Occasions Share %;Specialized Stores;MAT Q4.25;1.91;
Peru;FMCG;Occasions Share %;Specialized Stores;MAT Q4.25;0.2;
Ecuador;FMCG;Occasions Share %;Specialized Stores;MAT Q4.25;7.6;
Colombia;FMCG;Occasions Share %;Specialized Stores;MAT Q4.25;9.8;
Guatemala;FMCG;Occasions Share %;Specialized Stores;MAT Q4.24;8.8;
Costa Rica;FMCG;Occasions Share %;Specialized Stores;MAT Q4.24;11;
Honduras;FMCG;Occasions Share %;Specialized Stores;MAT Q4.24;4.9;
Republica Dominicana;FMCG;Occasions Share %;Specialized Stores;MAT Q4.24;2.87;
Peru;FMCG;Occasions Share %;Specialized Stores;MAT Q4.24;0.2;
Ecuador;FMCG;Occasions Share %;Specialized Stores;MAT Q4.24;8.5;
Colombia;FMCG;Occasions Share %;Specialized Stores;MAT Q4.24;12.2;
Guatemala;FMCG;Absolute Transactions;Total Market;MAT Q4.25;942350800;
Costa Rica;FMCG;Absolute Transactions;Total Market;MAT Q4.25;297058600;
Honduras;FMCG;Absolute Transactions;Total Market;MAT Q4.25;361028800;
Republica Dominicana;FMCG;Absolute Transactions;Total Market;MAT Q4.25;509112400;
Peru;FMCG;Absolute Transactions;Total Market;MAT Q4.25;2039442000;
Ecuador;FMCG;Absolute Transactions;Total Market;MAT Q4.25;1239227000;
Colombia;FMCG;Absolute Transactions;Total Market;MAT Q4.25;3440361000;
Guatemala;FMCG;Absolute Transactions;Total Market;MAT Q4.24;842959300;
Costa Rica;FMCG;Absolute Transactions;Total Market;MAT Q4.24;292591100;
Honduras;FMCG;Absolute Transactions;Total Market;MAT Q4.24;295472300;
Republica Dominicana;FMCG;Absolute Transactions;Total Market;MAT Q4.24;539490400;
Peru;FMCG;Absolute Transactions;Total Market;MAT Q4.24;2176388000;
Ecuador;FMCG;Absolute Transactions;Total Market;MAT Q4.24;1226229000;
Colombia;FMCG;Absolute Transactions;Total Market;MAT Q4.24;3398831000;
Guatemala;FMCG;Absolute Transactions;Modern Trade (Including Wholesalers);MAT Q4.25;169628500;
Costa Rica;FMCG;Absolute Transactions;Modern Trade (Including Wholesalers);MAT Q4.25;118024200;
Honduras;FMCG;Absolute Transactions;Modern Trade (Including Wholesalers);MAT Q4.25;49602660;
Republica Dominicana;FMCG;Absolute Transactions;Modern Trade (Including Wholesalers);MAT Q4.25;210323400;
Peru;FMCG;Absolute Transactions;Modern Trade (Including Wholesalers);MAT Q4.25;219437700;
Ecuador;FMCG;Absolute Transactions;Modern Trade (Including Wholesalers);MAT Q4.25;457313200;
Colombia;FMCG;Absolute Transactions;Modern Trade (Including Wholesalers);MAT Q4.25;1396662840;
Guatemala;FMCG;Absolute Transactions;Modern Trade (Including Wholesalers);MAT Q4.24;142511800;
Costa Rica;FMCG;Absolute Transactions;Modern Trade (Including Wholesalers);MAT Q4.24;102678700;
Honduras;FMCG;Absolute Transactions;Modern Trade (Including Wholesalers);MAT Q4.24;37389580;
Republica Dominicana;FMCG;Absolute Transactions;Modern Trade (Including Wholesalers);MAT Q4.24;189806100;
Peru;FMCG;Absolute Transactions;Modern Trade (Including Wholesalers);MAT Q4.24;190697600;
Ecuador;FMCG;Absolute Transactions;Modern Trade (Including Wholesalers);MAT Q4.24;371021300;
Colombia;FMCG;Absolute Transactions;Modern Trade (Including Wholesalers);MAT Q4.24;1242301140;
Guatemala;FMCG;Absolute Transactions;Hypermarket;MAT Q4.25;3097555;
Costa Rica;FMCG;Absolute Transactions;Hypermarket;MAT Q4.25;5519109;
Honduras;FMCG;Absolute Transactions;Hypermarket;MAT Q4.25;2640370;
Republica Dominicana;FMCG;Absolute Transactions;Hypermarket;MAT Q4.25;74466450;
Peru;FMCG;Absolute Transactions;Hypermarket;MAT Q4.25;87357180;
Ecuador;FMCG;Absolute Transactions;Hypermarket;MAT Q4.25;35812120;
Colombia;FMCG;Absolute Transactions;Hypermarket;MAT Q4.25;246517000;
Guatemala;FMCG;Absolute Transactions;Hypermarket;MAT Q4.24;2383704;
Costa Rica;FMCG;Absolute Transactions;Hypermarket;MAT Q4.24;4336211;
Honduras;FMCG;Absolute Transactions;Hypermarket;MAT Q4.24;1113895;
Republica Dominicana;FMCG;Absolute Transactions;Hypermarket;MAT Q4.24;53202500;
Peru;FMCG;Absolute Transactions;Hypermarket;MAT Q4.24;78498470;
Ecuador;FMCG;Absolute Transactions;Hypermarket;MAT Q4.24;34943180;
Colombia;FMCG;Absolute Transactions;Hypermarket;MAT Q4.24;229869200;
Guatemala;FMCG;Absolute Transactions;Supermarket;MAT Q4.25;30286200;
Costa Rica;FMCG;Absolute Transactions;Supermarket;MAT Q4.25;37352350;
Honduras;FMCG;Absolute Transactions;Supermarket;MAT Q4.25;15752540;
Republica Dominicana;FMCG;Absolute Transactions;Supermarket;MAT Q4.25;131744400;
Peru;FMCG;Absolute Transactions;Supermarket;MAT Q4.25;25056150;
Ecuador;FMCG;Absolute Transactions;Supermarket;MAT Q4.25;227407600;
Colombia;FMCG;Absolute Transactions;Supermarket;MAT Q4.25;232816400;
Guatemala;FMCG;Absolute Transactions;Supermarket;MAT Q4.24;22577740;
Costa Rica;FMCG;Absolute Transactions;Supermarket;MAT Q4.24;31330720;
Honduras;FMCG;Absolute Transactions;Supermarket;MAT Q4.24;12054020;
Republica Dominicana;FMCG;Absolute Transactions;Supermarket;MAT Q4.24;132571300;
Peru;FMCG;Absolute Transactions;Supermarket;MAT Q4.24;35946090;
Ecuador;FMCG;Absolute Transactions;Supermarket;MAT Q4.24;185135300;
Colombia;FMCG;Absolute Transactions;Supermarket;MAT Q4.24;221832200;
Guatemala;FMCG;Absolute Transactions;Neighborhood + Convenience;MAT Q4.25;16695990;
Costa Rica;FMCG;Absolute Transactions;Neighborhood + Convenience;MAT Q4.25;949728.9;
Honduras;FMCG;Absolute Transactions;Neighborhood + Convenience;MAT Q4.25;3970516;
Republica Dominicana;FMCG;Absolute Transactions;Neighborhood + Convenience;MAT Q4.25;1548771;
Peru;FMCG;Absolute Transactions;Neighborhood + Convenience;MAT Q4.25;11196200;
Ecuador;FMCG;Absolute Transactions;Neighborhood + Convenience;MAT Q4.25;10602390;
Colombia;FMCG;Absolute Transactions;Neighborhood + Convenience;MAT Q4.25;9596464;
Guatemala;FMCG;Absolute Transactions;Neighborhood + Convenience;MAT Q4.24;10511800;
Costa Rica;FMCG;Absolute Transactions;Neighborhood + Convenience;MAT Q4.24;830388.4;
Honduras;FMCG;Absolute Transactions;Neighborhood + Convenience;MAT Q4.24;3224877;
Republica Dominicana;FMCG;Absolute Transactions;Neighborhood + Convenience;MAT Q4.24;873005;
Peru;FMCG;Absolute Transactions;Neighborhood + Convenience;MAT Q4.24;10876230;
Ecuador;FMCG;Absolute Transactions;Neighborhood + Convenience;MAT Q4.24;8283693;
Colombia;FMCG;Absolute Transactions;Neighborhood + Convenience;MAT Q4.24;7031046;
Guatemala;FMCG;Absolute Transactions;Discounters;MAT Q4.25;118731900;
Costa Rica;FMCG;Absolute Transactions;Discounters;MAT Q4.25;73273250;
Honduras;FMCG;Absolute Transactions;Discounters;MAT Q4.25;26396730;
Republica Dominicana;FMCG;Absolute Transactions;Discounters;MAT Q4.25;0;
Peru;FMCG;Absolute Transactions;Discounters;MAT Q4.25;93926500;
Ecuador;FMCG;Absolute Transactions;Discounters;MAT Q4.25;123448700;
Colombia;FMCG;Absolute Transactions;Discounters;MAT Q4.25;858380200;
Guatemala;FMCG;Absolute Transactions;Discounters;MAT Q4.24;105998500;
Costa Rica;FMCG;Absolute Transactions;Discounters;MAT Q4.24;65479430;
Honduras;FMCG;Absolute Transactions;Discounters;MAT Q4.24;19607280;
Republica Dominicana;FMCG;Absolute Transactions;Discounters;MAT Q4.24;0;
Peru;FMCG;Absolute Transactions;Discounters;MAT Q4.24;64867650;
Ecuador;FMCG;Absolute Transactions;Discounters;MAT Q4.24;85389480;
Colombia;FMCG;Absolute Transactions;Discounters;MAT Q4.24;743621100;
Guatemala;FMCG;Absolute Transactions;Wholesalers;MAT Q4.25;2669508;
Costa Rica;FMCG;Absolute Transactions;Wholesalers;MAT Q4.25;4283561;
Honduras;FMCG;Absolute Transactions;Wholesalers;MAT Q4.25;1333669;
Republica Dominicana;FMCG;Absolute Transactions;Wholesalers;MAT Q4.25;4493756;
Peru;FMCG;Absolute Transactions;Wholesalers;MAT Q4.25;32604190;
Ecuador;FMCG;Absolute Transactions;Wholesalers;MAT Q4.25;57754410;
Colombia;FMCG;Absolute Transactions;Wholesalers;MAT Q4.25;48868840;
Guatemala;FMCG;Absolute Transactions;Wholesalers;MAT Q4.24;1662216;
Costa Rica;FMCG;Absolute Transactions;Wholesalers;MAT Q4.24;2787163;
Honduras;FMCG;Absolute Transactions;Wholesalers;MAT Q4.24;1074457;
Republica Dominicana;FMCG;Absolute Transactions;Wholesalers;MAT Q4.24;4393871;
Peru;FMCG;Absolute Transactions;Wholesalers;MAT Q4.24;32038970;
Ecuador;FMCG;Absolute Transactions;Wholesalers;MAT Q4.24;58065740;
Colombia;FMCG;Absolute Transactions;Wholesalers;MAT Q4.24;38408140;
Guatemala;FMCG;Absolute Transactions;Down The Trade;MAT Q4.25;442991400;
Costa Rica;FMCG;Absolute Transactions;Down The Trade;MAT Q4.25;103473500;
Honduras;FMCG;Absolute Transactions;Down The Trade;MAT Q4.25;195755000;
Republica Dominicana;FMCG;Absolute Transactions;Down The Trade;MAT Q4.25;194172700;
Peru;FMCG;Absolute Transactions;Down The Trade;MAT Q4.25;1541767000;
Ecuador;FMCG;Absolute Transactions;Down The Trade;MAT Q4.25;408264800;
Colombia;FMCG;Absolute Transactions;Down The Trade;MAT Q4.25;1268270000;
Guatemala;FMCG;Absolute Transactions;Down The Trade;MAT Q4.24;442419600;
Costa Rica;FMCG;Absolute Transactions;Down The Trade;MAT Q4.24;115947500;
Honduras;FMCG;Absolute Transactions;Down The Trade;MAT Q4.24;173874300;
Republica Dominicana;FMCG;Absolute Transactions;Down The Trade;MAT Q4.24;270272500;
Peru;FMCG;Absolute Transactions;Down The Trade;MAT Q4.24;1703777000;
Ecuador;FMCG;Absolute Transactions;Down The Trade;MAT Q4.24;432199800;
Colombia;FMCG;Absolute Transactions;Down The Trade;MAT Q4.24;1327226000;
Guatemala;FMCG;Absolute Transactions;Minimarket + Ind. Supermarkets;MAT Q4.25;21416600;
Costa Rica;FMCG;Absolute Transactions;Minimarket + Ind. Supermarkets;MAT Q4.25;91426510;
Honduras;FMCG;Absolute Transactions;Minimarket + Ind. Supermarkets;MAT Q4.25;42202390;
Republica Dominicana;FMCG;Absolute Transactions;Minimarket + Ind. Supermarkets;MAT Q4.25;42606190;
Peru;FMCG;Absolute Transactions;Minimarket + Ind. Supermarkets;MAT Q4.25;37680620;
Ecuador;FMCG;Absolute Transactions;Minimarket + Ind. Supermarkets;MAT Q4.25;28727920;
Colombia;FMCG;Absolute Transactions;Minimarket + Ind. Supermarkets;MAT Q4.25;380272600;
Guatemala;FMCG;Absolute Transactions;Minimarket + Ind. Supermarkets;MAT Q4.24;15944280;
Costa Rica;FMCG;Absolute Transactions;Minimarket + Ind. Supermarkets;MAT Q4.24;93120190;
Honduras;FMCG;Absolute Transactions;Minimarket + Ind. Supermarkets;MAT Q4.24;38538110;
Republica Dominicana;FMCG;Absolute Transactions;Minimarket + Ind. Supermarkets;MAT Q4.24;46400080;
Peru;FMCG;Absolute Transactions;Minimarket + Ind. Supermarkets;MAT Q4.24;37519250;
Ecuador;FMCG;Absolute Transactions;Minimarket + Ind. Supermarkets;MAT Q4.24;23364040;
Colombia;FMCG;Absolute Transactions;Minimarket + Ind. Supermarkets;MAT Q4.24;403679400;
Guatemala;FMCG;Absolute Transactions;Traditional Store;MAT Q4.25;322251100;
Costa Rica;FMCG;Absolute Transactions;Traditional Store;MAT Q4.25;7963670;
Honduras;FMCG;Absolute Transactions;Traditional Store;MAT Q4.25;142221100;
Republica Dominicana;FMCG;Absolute Transactions;Traditional Store;MAT Q4.25;223872420;
Peru;FMCG;Absolute Transactions;Traditional Store;MAT Q4.25;989342300;
Ecuador;FMCG;Absolute Transactions;Traditional Store;MAT Q4.25;310055300;
Colombia;FMCG;Absolute Transactions;Traditional Store;MAT Q4.25;624443800;
Guatemala;FMCG;Absolute Transactions;Traditional Store;MAT Q4.24;339812200;
Costa Rica;FMCG;Absolute Transactions;Traditional Store;MAT Q4.24;16457340;
Honduras;FMCG;Absolute Transactions;Traditional Store;MAT Q4.24;126145700;
Republica Dominicana;FMCG;Absolute Transactions;Traditional Store;MAT Q4.24;223872420;
Peru;FMCG;Absolute Transactions;Traditional Store;MAT Q4.24;1072968000;
Ecuador;FMCG;Absolute Transactions;Traditional Store;MAT Q4.24;343114100;
Colombia;FMCG;Absolute Transactions;Traditional Store;MAT Q4.24;580666100;
Guatemala;FMCG;Absolute Transactions;Bakery;MAT Q4.25;1912891;
Costa Rica;FMCG;Absolute Transactions;Bakery;MAT Q4.25;2533869;
Honduras;FMCG;Absolute Transactions;Bakery;MAT Q4.25;23551.7;
Republica Dominicana;FMCG;Absolute Transactions;Bakery;MAT Q4.25;2059473;
Peru;FMCG;Absolute Transactions;Bakery;MAT Q4.25;99125850;
Ecuador;FMCG;Absolute Transactions;Bakery;MAT Q4.25;14013780;
Colombia;FMCG;Absolute Transactions;Bakery;MAT Q4.25;163236700;
Guatemala;FMCG;Absolute Transactions;Bakery;MAT Q4.24;1168852;
Costa Rica;FMCG;Absolute Transactions;Bakery;MAT Q4.24;4051534;
Honduras;FMCG;Absolute Transactions;Bakery;MAT Q4.24;99156.4;
Republica Dominicana;FMCG;Absolute Transactions;Bakery;MAT Q4.24;3232474;
Peru;FMCG;Absolute Transactions;Bakery;MAT Q4.24;120977000;
Ecuador;FMCG;Absolute Transactions;Bakery;MAT Q4.24;19977900;
Colombia;FMCG;Absolute Transactions;Bakery;MAT Q4.24;248274300;
Guatemala;FMCG;Absolute Transactions;E-commerce;MAT Q4.25;403897.7;
Costa Rica;FMCG;Absolute Transactions;E-commerce;MAT Q4.25;109799.4;
Honduras;FMCG;Absolute Transactions;E-commerce;MAT Q4.25;105663.1;
Republica Dominicana;FMCG;Absolute Transactions;E-commerce;MAT Q4.25;724316;
Peru;FMCG;Absolute Transactions;E-commerce;MAT Q4.25;9164668;
Ecuador;FMCG;Absolute Transactions;E-commerce;MAT Q4.25;567454;
Colombia;FMCG;Absolute Transactions;E-commerce;MAT Q4.25;1968578;
Guatemala;FMCG;Absolute Transactions;E-commerce;MAT Q4.24;332055.1;
Costa Rica;FMCG;Absolute Transactions;E-commerce;MAT Q4.24;138838.6;
Honduras;FMCG;Absolute Transactions;E-commerce;MAT Q4.24;121398.5;
Republica Dominicana;FMCG;Absolute Transactions;E-commerce;MAT Q4.24;399616;
Peru;FMCG;Absolute Transactions;E-commerce;MAT Q4.24;7963437;
Ecuador;FMCG;Absolute Transactions;E-commerce;MAT Q4.24;526616;
Colombia;FMCG;Absolute Transactions;E-commerce;MAT Q4.24;1492997;
Guatemala;FMCG;Absolute Transactions;Door To Door;MAT Q4.25;64650220;
Costa Rica;FMCG;Absolute Transactions;Door To Door;MAT Q4.25;1859030;
Honduras;FMCG;Absolute Transactions;Door To Door;MAT Q4.25;34239940;
Republica Dominicana;FMCG;Absolute Transactions;Door To Door;MAT Q4.25;3606937;
Peru;FMCG;Absolute Transactions;Door To Door;MAT Q4.25;38278810;
Ecuador;FMCG;Absolute Transactions;Door To Door;MAT Q4.25;64159550;
Colombia;FMCG;Absolute Transactions;Door To Door;MAT Q4.25;58034650;
Guatemala;FMCG;Absolute Transactions;Door To Door;MAT Q4.24;61159810;
Costa Rica;FMCG;Absolute Transactions;Door To Door;MAT Q4.24;1699016;
Honduras;FMCG;Absolute Transactions;Door To Door;MAT Q4.24;35419550;
Republica Dominicana;FMCG;Absolute Transactions;Door To Door;MAT Q4.24;2954900;
Peru;FMCG;Absolute Transactions;Door To Door;MAT Q4.24;39852590;
Ecuador;FMCG;Absolute Transactions;Door To Door;MAT Q4.24;94934560;
Colombia;FMCG;Absolute Transactions;Door To Door;MAT Q4.24;48437490;
Guatemala;FMCG;Absolute Transactions;Specialized Stores;MAT Q4.25;69225520;
Costa Rica;FMCG;Absolute Transactions;Specialized Stores;MAT Q4.25;30049960;
Honduras;FMCG;Absolute Transactions;Specialized Stores;MAT Q4.25;14050120;
Republica Dominicana;FMCG;Absolute Transactions;Specialized Stores;MAT Q4.25;14593020;
Peru;FMCG;Absolute Transactions;Specialized Stores;MAT Q4.25;3751239;
Ecuador;FMCG;Absolute Transactions;Specialized Stores;MAT Q4.25;94739700;
Colombia;FMCG;Absolute Transactions;Specialized Stores;MAT Q4.25;338435100;
Guatemala;FMCG;Absolute Transactions;Specialized Stores;MAT Q4.24;74231750;
Costa Rica;FMCG;Absolute Transactions;Specialized Stores;MAT Q4.24;32238000;
Honduras;FMCG;Absolute Transactions;Specialized Stores;MAT Q4.24;14331140;
Republica Dominicana;FMCG;Absolute Transactions;Specialized Stores;MAT Q4.24;10330770;
Peru;FMCG;Absolute Transactions;Specialized Stores;MAT Q4.24;3734737;
Ecuador;FMCG;Absolute Transactions;Specialized Stores;MAT Q4.24;103780100;
Colombia;FMCG;Absolute Transactions;Specialized Stores;MAT Q4.24;415483000;
Guatemala;NARTD;Occasions Share %;Total Market;MAT Q4.25;100;
Costa Rica;NARTD;Occasions Share %;Total Market;MAT Q4.25;100;
Honduras;NARTD;Occasions Share %;Total Market;MAT Q4.25;100;
Republica Dominicana;NARTD;Occasions Share %;Total Market;MAT Q4.25;100;
Peru;NARTD;Occasions Share %;Total Market;MAT Q4.25;100;
Ecuador;NARTD;Occasions Share %;Total Market;MAT Q4.25;26.8;
Colombia;NARTD;Occasions Share %;Total Market;MAT Q4.25;100;
Guatemala;NARTD;Occasions Share %;Total Market;MAT Q4.24;100;
Costa Rica;NARTD;Occasions Share %;Total Market;MAT Q4.24;100;
Honduras;NARTD;Occasions Share %;Total Market;MAT Q4.24;100;
Republica Dominicana;NARTD;Occasions Share %;Total Market;MAT Q4.24;100;
Peru;NARTD;Occasions Share %;Total Market;MAT Q4.24;100;
Ecuador;NARTD;Occasions Share %;Total Market;MAT Q4.24;100;
Colombia;NARTD;Occasions Share %;Total Market;MAT Q4.24;100;
Guatemala;NARTD;Occasions Share %;Modern Trade (Including Wholesalers);MAT Q4.25;14.1;
Costa Rica;NARTD;Occasions Share %;Modern Trade (Including Wholesalers);MAT Q4.25;38.9;
Honduras;NARTD;Occasions Share %;Modern Trade (Including Wholesalers);MAT Q4.25;9.5;
Republica Dominicana;NARTD;Occasions Share %;Modern Trade (Including Wholesalers);MAT Q4.25;36.14;
Peru;NARTD;Occasions Share %;Modern Trade (Including Wholesalers);MAT Q4.25;10.3;
Ecuador;NARTD;Occasions Share %;Modern Trade (Including Wholesalers);MAT Q4.25;2.6;
Colombia;NARTD;Occasions Share %;Modern Trade (Including Wholesalers);MAT Q4.25;45.514748953953124;
Guatemala;NARTD;Occasions Share %;Modern Trade (Including Wholesalers);MAT Q4.24;11.5;
Costa Rica;NARTD;Occasions Share %;Modern Trade (Including Wholesalers);MAT Q4.24;36.2;
Honduras;NARTD;Occasions Share %;Modern Trade (Including Wholesalers);MAT Q4.24;9;
Republica Dominicana;NARTD;Occasions Share %;Modern Trade (Including Wholesalers);MAT Q4.24;25.59;
Peru;NARTD;Occasions Share %;Modern Trade (Including Wholesalers);MAT Q4.24;9.5;
Ecuador;NARTD;Occasions Share %;Modern Trade (Including Wholesalers);MAT Q4.24;19.7;
Colombia;NARTD;Occasions Share %;Modern Trade (Including Wholesalers);MAT Q4.24;45.928136307607545;
Guatemala;NARTD;Occasions Share %;Hypermarket;MAT Q4.25;0.2;
Costa Rica;NARTD;Occasions Share %;Hypermarket;MAT Q4.25;1.6;
Honduras;NARTD;Occasions Share %;Hypermarket;MAT Q4.25;0.6;
Republica Dominicana;NARTD;Occasions Share %;Hypermarket;MAT Q4.25;11.88;
Peru;NARTD;Occasions Share %;Hypermarket;MAT Q4.25;3.7;
Ecuador;NARTD;Occasions Share %;Hypermarket;MAT Q4.25;13.6;
Colombia;NARTD;Occasions Share %;Hypermarket;MAT Q4.25;7.1;
Guatemala;NARTD;Occasions Share %;Hypermarket;MAT Q4.24;0.2;
Costa Rica;NARTD;Occasions Share %;Hypermarket;MAT Q4.24;1.5;
Honduras;NARTD;Occasions Share %;Hypermarket;MAT Q4.24;0.2;
Republica Dominicana;NARTD;Occasions Share %;Hypermarket;MAT Q4.24;7.45;
Peru;NARTD;Occasions Share %;Hypermarket;MAT Q4.24;3.4;
Ecuador;NARTD;Occasions Share %;Hypermarket;MAT Q4.24;2.4;
Colombia;NARTD;Occasions Share %;Hypermarket;MAT Q4.24;7.9;
Guatemala;NARTD;Occasions Share %;Supermarket;MAT Q4.25;2.3;
Costa Rica;NARTD;Occasions Share %;Supermarket;MAT Q4.25;12.8;
Honduras;NARTD;Occasions Share %;Supermarket;MAT Q4.25;3;
Republica Dominicana;NARTD;Occasions Share %;Supermarket;MAT Q4.25;23.35;
Peru;NARTD;Occasions Share %;Supermarket;MAT Q4.25;1.1;
Ecuador;NARTD;Occasions Share %;Supermarket;MAT Q4.25;0.9;
Colombia;NARTD;Occasions Share %;Supermarket;MAT Q4.25;6.2;
Guatemala;NARTD;Occasions Share %;Supermarket;MAT Q4.24;1.9;
Costa Rica;NARTD;Occasions Share %;Supermarket;MAT Q4.24;11.4;
Honduras;NARTD;Occasions Share %;Supermarket;MAT Q4.24;2.9;
Republica Dominicana;NARTD;Occasions Share %;Supermarket;MAT Q4.24;17.77;
Peru;NARTD;Occasions Share %;Supermarket;MAT Q4.24;1.7;
Ecuador;NARTD;Occasions Share %;Supermarket;MAT Q4.24;11.1;
Colombia;NARTD;Occasions Share %;Supermarket;MAT Q4.24;6.8;
Guatemala;NARTD;Occasions Share %;Neighborhood + Convenience;MAT Q4.25;2.2;
Costa Rica;NARTD;Occasions Share %;Neighborhood + Convenience;MAT Q4.25;0.4;
Honduras;NARTD;Occasions Share %;Neighborhood + Convenience;MAT Q4.25;1.3;
Republica Dominicana;NARTD;Occasions Share %;Neighborhood + Convenience;MAT Q4.25;0.27;
Peru;NARTD;Occasions Share %;Neighborhood + Convenience;MAT Q4.25;1.2;
Ecuador;NARTD;Occasions Share %;Neighborhood + Convenience;MAT Q4.25;5.6;
Colombia;NARTD;Occasions Share %;Neighborhood + Convenience;MAT Q4.25;0.7;
Guatemala;NARTD;Occasions Share %;Neighborhood + Convenience;MAT Q4.24;1.7;
Costa Rica;NARTD;Occasions Share %;Neighborhood + Convenience;MAT Q4.24;0.5;
Honduras;NARTD;Occasions Share %;Neighborhood + Convenience;MAT Q4.24;1.4;
Republica Dominicana;NARTD;Occasions Share %;Neighborhood + Convenience;MAT Q4.24;0.12;
Peru;NARTD;Occasions Share %;Neighborhood + Convenience;MAT Q4.24;1.2;
Ecuador;NARTD;Occasions Share %;Neighborhood + Convenience;MAT Q4.24;0.8;
Colombia;NARTD;Occasions Share %;Neighborhood + Convenience;MAT Q4.24;0.6;
Guatemala;NARTD;Occasions Share %;Discounters;MAT Q4.25;9.2;
Costa Rica;NARTD;Occasions Share %;Discounters;MAT Q4.25;24.1;
Honduras;NARTD;Occasions Share %;Discounters;MAT Q4.25;4.5;
Republica Dominicana;NARTD;Occasions Share %;Discounters;MAT Q4.25;0;
Peru;NARTD;Occasions Share %;Discounters;MAT Q4.25;4.2;
Ecuador;NARTD;Occasions Share %;Discounters;MAT Q4.25;3.2;
Colombia;NARTD;Occasions Share %;Discounters;MAT Q4.25;30.2;
Guatemala;NARTD;Occasions Share %;Discounters;MAT Q4.24;7.5;
Costa Rica;NARTD;Occasions Share %;Discounters;MAT Q4.24;22.7;
Honduras;NARTD;Occasions Share %;Discounters;MAT Q4.24;4.5;
Republica Dominicana;NARTD;Occasions Share %;Discounters;MAT Q4.24;0;
Peru;NARTD;Occasions Share %;Discounters;MAT Q4.24;3.2;
Ecuador;NARTD;Occasions Share %;Discounters;MAT Q4.24;3.7;
Colombia;NARTD;Occasions Share %;Discounters;MAT Q4.24;29.1;
Guatemala;NARTD;Occasions Share %;Wholesalers;MAT Q4.25;0.4;
Costa Rica;NARTD;Occasions Share %;Wholesalers;MAT Q4.25;0.8;
Honduras;NARTD;Occasions Share %;Wholesalers;MAT Q4.25;0.4;
Republica Dominicana;NARTD;Occasions Share %;Wholesalers;MAT Q4.25;0.97;
Peru;NARTD;Occasions Share %;Wholesalers;MAT Q4.25;1.3;
Ecuador;NARTD;Occasions Share %;Wholesalers;MAT Q4.25;45.1;
Colombia;NARTD;Occasions Share %;Wholesalers;MAT Q4.25;1.3;
Guatemala;NARTD;Occasions Share %;Wholesalers;MAT Q4.24;0.2;
Costa Rica;NARTD;Occasions Share %;Wholesalers;MAT Q4.24;0.5;
Honduras;NARTD;Occasions Share %;Wholesalers;MAT Q4.24;0.4;
Republica Dominicana;NARTD;Occasions Share %;Wholesalers;MAT Q4.24;0.93;
Peru;NARTD;Occasions Share %;Wholesalers;MAT Q4.24;1.4;
Ecuador;NARTD;Occasions Share %;Wholesalers;MAT Q4.24;2.2;
Colombia;NARTD;Occasions Share %;Wholesalers;MAT Q4.24;1.1;
Guatemala;NARTD;Occasions Share %;Down The Trade;MAT Q4.25;46.8;
Costa Rica;NARTD;Occasions Share %;Down The Trade;MAT Q4.25;47.1;
Honduras;NARTD;Occasions Share %;Down The Trade;MAT Q4.25;62.8;
Republica Dominicana;NARTD;Occasions Share %;Down The Trade;MAT Q4.25;43.2;
Peru;NARTD;Occasions Share %;Down The Trade;MAT Q4.25;78.1;
Ecuador;NARTD;Occasions Share %;Down The Trade;MAT Q4.25;2.1;
Colombia;NARTD;Occasions Share %;Down The Trade;MAT Q4.25;44.5;
Guatemala;NARTD;Occasions Share %;Down The Trade;MAT Q4.24;54.7;
Costa Rica;NARTD;Occasions Share %;Down The Trade;MAT Q4.24;50.8;
Honduras;NARTD;Occasions Share %;Down The Trade;MAT Q4.24;66;
Republica Dominicana;NARTD;Occasions Share %;Down The Trade;MAT Q4.24;55.6;
Peru;NARTD;Occasions Share %;Down The Trade;MAT Q4.24;81.3;
Ecuador;NARTD;Occasions Share %;Down The Trade;MAT Q4.24;46.3;
Colombia;NARTD;Occasions Share %;Down The Trade;MAT Q4.24;45.4;
Guatemala;NARTD;Occasions Share %;Minimarket + Ind. Supermarkets;MAT Q4.25;1.9;
Costa Rica;NARTD;Occasions Share %;Minimarket + Ind. Supermarkets;MAT Q4.25;41.7;
Honduras;NARTD;Occasions Share %;Minimarket + Ind. Supermarkets;MAT Q4.25;7.4;
Republica Dominicana;NARTD;Occasions Share %;Minimarket + Ind. Supermarkets;MAT Q4.25;5;
Peru;NARTD;Occasions Share %;Minimarket + Ind. Supermarkets;MAT Q4.25;1.9;
Ecuador;NARTD;Occasions Share %;Minimarket + Ind. Supermarkets;MAT Q4.25;41.1;
Colombia;NARTD;Occasions Share %;Minimarket + Ind. Supermarkets;MAT Q4.25;12.7;
Guatemala;NARTD;Occasions Share %;Minimarket + Ind. Supermarkets;MAT Q4.24;1.7;
Costa Rica;NARTD;Occasions Share %;Minimarket + Ind. Supermarkets;MAT Q4.24;39.6;
Honduras;NARTD;Occasions Share %;Minimarket + Ind. Supermarkets;MAT Q4.24;8.5;
Republica Dominicana;NARTD;Occasions Share %;Minimarket + Ind. Supermarkets;MAT Q4.24;5.06;
Peru;NARTD;Occasions Share %;Minimarket + Ind. Supermarkets;MAT Q4.24;2.1;
Ecuador;NARTD;Occasions Share %;Minimarket + Ind. Supermarkets;MAT Q4.24;1.5;
Colombia;NARTD;Occasions Share %;Minimarket + Ind. Supermarkets;MAT Q4.24;14;
Guatemala;NARTD;Occasions Share %;Traditional Store;MAT Q4.25;44.2;
Costa Rica;NARTD;Occasions Share %;Traditional Store;MAT Q4.25;4.5;
Honduras;NARTD;Occasions Share %;Traditional Store;MAT Q4.25;54.4;
Republica Dominicana;NARTD;Occasions Share %;Traditional Store;MAT Q4.25;38;
Peru;NARTD;Occasions Share %;Traditional Store;MAT Q4.25;69.5;
Ecuador;NARTD;Occasions Share %;Traditional Store;MAT Q4.25;0.4;
Colombia;NARTD;Occasions Share %;Traditional Store;MAT Q4.25;30.4;
Guatemala;NARTD;Occasions Share %;Traditional Store;MAT Q4.24;52.4;
Costa Rica;NARTD;Occasions Share %;Traditional Store;MAT Q4.24;9.9;
Honduras;NARTD;Occasions Share %;Traditional Store;MAT Q4.24;57.1;
Republica Dominicana;NARTD;Occasions Share %;Traditional Store;MAT Q4.24;50.5;
Peru;NARTD;Occasions Share %;Traditional Store;MAT Q4.24;72.6;
Ecuador;NARTD;Occasions Share %;Traditional Store;MAT Q4.24;43.5;
Colombia;NARTD;Occasions Share %;Traditional Store;MAT Q4.24;29.9;
Guatemala;NARTD;Occasions Share %;Bakery;MAT Q4.25;0;
Costa Rica;NARTD;Occasions Share %;Bakery;MAT Q4.25;0.8;
Honduras;NARTD;Occasions Share %;Bakery;MAT Q4.25;0;
Republica Dominicana;NARTD;Occasions Share %;Bakery;MAT Q4.25;0.17;
Peru;NARTD;Occasions Share %;Bakery;MAT Q4.25;0.1;
Ecuador;NARTD;Occasions Share %;Bakery;MAT Q4.25;0;
Colombia;NARTD;Occasions Share %;Bakery;MAT Q4.25;0.9;
Guatemala;NARTD;Occasions Share %;Bakery;MAT Q4.24;0;
Costa Rica;NARTD;Occasions Share %;Bakery;MAT Q4.24;1.3;
Honduras;NARTD;Occasions Share %;Bakery;MAT Q4.24;0;
Republica Dominicana;NARTD;Occasions Share %;Bakery;MAT Q4.24;0.28;
Peru;NARTD;Occasions Share %;Bakery;MAT Q4.24;0.1;
Ecuador;NARTD;Occasions Share %;Bakery;MAT Q4.24;0.4;
Colombia;NARTD;Occasions Share %;Bakery;MAT Q4.24;1.4;
Guatemala;NARTD;Occasions Share %;E-commerce;MAT Q4.25;0;
Costa Rica;NARTD;Occasions Share %;E-commerce;MAT Q4.25;0;
Honduras;NARTD;Occasions Share %;E-commerce;MAT Q4.25;0;
Republica Dominicana;NARTD;Occasions Share %;E-commerce;MAT Q4.25;0.02;
Peru;NARTD;Occasions Share %;E-commerce;MAT Q4.25;0.3;
Ecuador;NARTD;Occasions Share %;E-commerce;MAT Q4.25;12.3;
Colombia;NARTD;Occasions Share %;E-commerce;MAT Q4.25;0;
Guatemala;NARTD;Occasions Share %;E-commerce;MAT Q4.24;0;
Costa Rica;NARTD;Occasions Share %;E-commerce;MAT Q4.24;0;
Honduras;NARTD;Occasions Share %;E-commerce;MAT Q4.24;0;
Republica Dominicana;NARTD;Occasions Share %;E-commerce;MAT Q4.24;0.02;
Peru;NARTD;Occasions Share %;E-commerce;MAT Q4.24;0.3;
Ecuador;NARTD;Occasions Share %;E-commerce;MAT Q4.24;0;
Colombia;NARTD;Occasions Share %;E-commerce;MAT Q4.24;0;
Guatemala;NARTD;Occasions Share %;Door To Door;MAT Q4.25;20;
Costa Rica;NARTD;Occasions Share %;Door To Door;MAT Q4.25;0.1;
Honduras;NARTD;Occasions Share %;Door To Door;MAT Q4.25;19.9;
Republica Dominicana;NARTD;Occasions Share %;Door To Door;MAT Q4.25;1.35;
Peru;NARTD;Occasions Share %;Door To Door;MAT Q4.25;1.2;
Ecuador;NARTD;Occasions Share %;Door To Door;MAT Q4.25;0.5;
Colombia;NARTD;Occasions Share %;Door To Door;MAT Q4.25;0.3;
Guatemala;NARTD;Occasions Share %;Door To Door;MAT Q4.24;22.6;
Costa Rica;NARTD;Occasions Share %;Door To Door;MAT Q4.24;0;
Honduras;NARTD;Occasions Share %;Door To Door;MAT Q4.24;25.5;
Republica Dominicana;NARTD;Occasions Share %;Door To Door;MAT Q4.24;0.31;
Peru;NARTD;Occasions Share %;Door To Door;MAT Q4.24;1.2;
Ecuador;NARTD;Occasions Share %;Door To Door;MAT Q4.24;15.5;
Colombia;NARTD;Occasions Share %;Door To Door;MAT Q4.24;0.2;
Guatemala;NARTD;Occasions Share %;Specialized Stores;MAT Q4.25;0.2;
Costa Rica;NARTD;Occasions Share %;Specialized Stores;MAT Q4.25;0.6;
Honduras;NARTD;Occasions Share %;Specialized Stores;MAT Q4.25;0.3;
Republica Dominicana;NARTD;Occasions Share %;Specialized Stores;MAT Q4.25;0.33;
Peru;NARTD;Occasions Share %;Specialized Stores;MAT Q4.25;0.1;
Colombia;NARTD;Occasions Share %;Specialized Stores;MAT Q4.25;0.8;
Guatemala;NARTD;Occasions Share %;Specialized Stores;MAT Q4.24;0.2;
Costa Rica;NARTD;Occasions Share %;Specialized Stores;MAT Q4.24;0.4;
Honduras;NARTD;Occasions Share %;Specialized Stores;MAT Q4.24;0.2;
Republica Dominicana;NARTD;Occasions Share %;Specialized Stores;MAT Q4.24;0.16;
Peru;NARTD;Occasions Share %;Specialized Stores;MAT Q4.24;0.1;
Ecuador;NARTD;Occasions Share %;Specialized Stores;MAT Q4.24;0.8;
Colombia;NARTD;Occasions Share %;Specialized Stores;MAT Q4.24;0.6;
Guatemala;NARTD;Absolute Transactions;Total Market;MAT Q4.25;267738500;
Costa Rica;NARTD;Absolute Transactions;Total Market;MAT Q4.25;53907070;
Honduras;NARTD;Absolute Transactions;Total Market;MAT Q4.25;163107100;
Republica Dominicana;NARTD;Absolute Transactions;Total Market;MAT Q4.25;114057500;
Peru;NARTD;Absolute Transactions;Total Market;MAT Q4.25;427141200;
Ecuador;NARTD;Absolute Transactions;Total Market;MAT Q4.25;302888400;
Colombia;NARTD;Absolute Transactions;Total Market;MAT Q4.25;480356100;
Guatemala;NARTD;Absolute Transactions;Total Market;MAT Q4.24;240517800;
Costa Rica;NARTD;Absolute Transactions;Total Market;MAT Q4.24;57585040;
Honduras;NARTD;Absolute Transactions;Total Market;MAT Q4.24;128781600;
Republica Dominicana;NARTD;Absolute Transactions;Total Market;MAT Q4.24;136988500;
Peru;NARTD;Absolute Transactions;Total Market;MAT Q4.24;430936000;
Ecuador;NARTD;Absolute Transactions;Total Market;MAT Q4.24;324915600;
Colombia;NARTD;Absolute Transactions;Total Market;MAT Q4.24;450498700;
Guatemala;NARTD;Absolute Transactions;Modern Trade (Including Wholesalers);MAT Q4.25;37684040;
Costa Rica;NARTD;Absolute Transactions;Modern Trade (Including Wholesalers);MAT Q4.25;20962190;
Honduras;NARTD;Absolute Transactions;Modern Trade (Including Wholesalers);MAT Q4.25;15541690;
Republica Dominicana;NARTD;Absolute Transactions;Modern Trade (Including Wholesalers);MAT Q4.25;41218520;
Peru;NARTD;Absolute Transactions;Modern Trade (Including Wholesalers);MAT Q4.25;43998550;
Ecuador;NARTD;Absolute Transactions;Modern Trade (Including Wholesalers);MAT Q4.25;81263190;
Colombia;NARTD;Absolute Transactions;Modern Trade (Including Wholesalers);MAT Q4.25;218632873;
Guatemala;NARTD;Absolute Transactions;Modern Trade (Including Wholesalers);MAT Q4.24;27613220;
Costa Rica;NARTD;Absolute Transactions;Modern Trade (Including Wholesalers);MAT Q4.24;20858390;
Honduras;NARTD;Absolute Transactions;Modern Trade (Including Wholesalers);MAT Q4.24;11586490;
Republica Dominicana;NARTD;Absolute Transactions;Modern Trade (Including Wholesalers);MAT Q4.24;35060460;
Peru;NARTD;Absolute Transactions;Modern Trade (Including Wholesalers);MAT Q4.24;40964250;
Ecuador;NARTD;Absolute Transactions;Modern Trade (Including Wholesalers);MAT Q4.24;64130260;
Colombia;NARTD;Absolute Transactions;Modern Trade (Including Wholesalers);MAT Q4.24;206905657;
Guatemala;NARTD;Absolute Transactions;Hypermarket;MAT Q4.25;491730.7;
Costa Rica;NARTD;Absolute Transactions;Hypermarket;MAT Q4.25;877402.6;
Honduras;NARTD;Absolute Transactions;Hypermarket;MAT Q4.25;937522.1;
Republica Dominicana;NARTD;Absolute Transactions;Hypermarket;MAT Q4.25;13547340;
Peru;NARTD;Absolute Transactions;Hypermarket;MAT Q4.25;15987400;
Ecuador;NARTD;Absolute Transactions;Hypermarket;MAT Q4.25;7772211;
Colombia;NARTD;Absolute Transactions;Hypermarket;MAT Q4.25;34160600;
Guatemala;NARTD;Absolute Transactions;Hypermarket;MAT Q4.24;500193.1;
Costa Rica;NARTD;Absolute Transactions;Hypermarket;MAT Q4.24;844465.1;
Honduras;NARTD;Absolute Transactions;Hypermarket;MAT Q4.24;306627.1;
Republica Dominicana;NARTD;Absolute Transactions;Hypermarket;MAT Q4.24;10210830;
Peru;NARTD;Absolute Transactions;Hypermarket;MAT Q4.24;14855920;
Ecuador;NARTD;Absolute Transactions;Hypermarket;MAT Q4.24;7957330;
Colombia;NARTD;Absolute Transactions;Hypermarket;MAT Q4.24;35693500;
Guatemala;NARTD;Absolute Transactions;Supermarket;MAT Q4.25;6201721;
Costa Rica;NARTD;Absolute Transactions;Supermarket;MAT Q4.25;6891944;
Honduras;NARTD;Absolute Transactions;Supermarket;MAT Q4.25;4893978;
Republica Dominicana;NARTD;Absolute Transactions;Supermarket;MAT Q4.25;26636390;
Peru;NARTD;Absolute Transactions;Supermarket;MAT Q4.25;4894781;
Ecuador;NARTD;Absolute Transactions;Supermarket;MAT Q4.25;41236900;
Colombia;NARTD;Absolute Transactions;Supermarket;MAT Q4.25;29758900;
Guatemala;NARTD;Absolute Transactions;Supermarket;MAT Q4.24;4555149;
Costa Rica;NARTD;Absolute Transactions;Supermarket;MAT Q4.24;6581966;
Honduras;NARTD;Absolute Transactions;Supermarket;MAT Q4.24;3733998;
Republica Dominicana;NARTD;Absolute Transactions;Supermarket;MAT Q4.24;24341540;
Peru;NARTD;Absolute Transactions;Supermarket;MAT Q4.24;7119384;
Ecuador;NARTD;Absolute Transactions;Supermarket;MAT Q4.24;36006830;
Colombia;NARTD;Absolute Transactions;Supermarket;MAT Q4.24;30734710;
Guatemala;NARTD;Absolute Transactions;Neighborhood + Convenience;MAT Q4.25;5813667;
Costa Rica;NARTD;Absolute Transactions;Neighborhood + Convenience;MAT Q4.25;233975.4;
Honduras;NARTD;Absolute Transactions;Neighborhood + Convenience;MAT Q4.25;2198261;
Republica Dominicana;NARTD;Absolute Transactions;Neighborhood + Convenience;MAT Q4.25;307158;
Peru;NARTD;Absolute Transactions;Neighborhood + Convenience;MAT Q4.25;4933236;
Ecuador;NARTD;Absolute Transactions;Neighborhood + Convenience;MAT Q4.25;2830271;
Colombia;NARTD;Absolute Transactions;Neighborhood + Convenience;MAT Q4.25;3156001;
Guatemala;NARTD;Absolute Transactions;Neighborhood + Convenience;MAT Q4.24;4206993;
Costa Rica;NARTD;Absolute Transactions;Neighborhood + Convenience;MAT Q4.24;314446;
Honduras;NARTD;Absolute Transactions;Neighborhood + Convenience;MAT Q4.24;1792541;
Republica Dominicana;NARTD;Absolute Transactions;Neighborhood + Convenience;MAT Q4.24;159425;
Peru;NARTD;Absolute Transactions;Neighborhood + Convenience;MAT Q4.24;5273534;
Ecuador;NARTD;Absolute Transactions;Neighborhood + Convenience;MAT Q4.24;2638261;
Colombia;NARTD;Absolute Transactions;Neighborhood + Convenience;MAT Q4.24;2509730;
Guatemala;NARTD;Absolute Transactions;Discounters;MAT Q4.25;24727020;
Costa Rica;NARTD;Absolute Transactions;Discounters;MAT Q4.25;12981520;
Honduras;NARTD;Absolute Transactions;Discounters;MAT Q4.25;7308468;
Republica Dominicana;NARTD;Absolute Transactions;Discounters;MAT Q4.25;0;
Peru;NARTD;Absolute Transactions;Discounters;MAT Q4.25;18032840;
Ecuador;NARTD;Absolute Transactions;Discounters;MAT Q4.25;16845090;
Colombia;NARTD;Absolute Transactions;Discounters;MAT Q4.25;145217100;
Guatemala;NARTD;Absolute Transactions;Discounters;MAT Q4.24;17996400;
Costa Rica;NARTD;Absolute Transactions;Discounters;MAT Q4.24;13050650;
Honduras;NARTD;Absolute Transactions;Discounters;MAT Q4.24;5809936;
Republica Dominicana;NARTD;Absolute Transactions;Discounters;MAT Q4.24;0;
Peru;NARTD;Absolute Transactions;Discounters;MAT Q4.24;13783790;
Ecuador;NARTD;Absolute Transactions;Discounters;MAT Q4.24;12062540;
Colombia;NARTD;Absolute Transactions;Discounters;MAT Q4.24;131065200;
Guatemala;NARTD;Absolute Transactions;Wholesalers;MAT Q4.25;1027567;
Costa Rica;NARTD;Absolute Transactions;Wholesalers;MAT Q4.25;436006.3;
Honduras;NARTD;Absolute Transactions;Wholesalers;MAT Q4.25;617071.4;
Republica Dominicana;NARTD;Absolute Transactions;Wholesalers;MAT Q4.25;1108939;
Peru;NARTD;Absolute Transactions;Wholesalers;MAT Q4.25;5574771;
Ecuador;NARTD;Absolute Transactions;Wholesalers;MAT Q4.25;9814707;
Colombia;NARTD;Absolute Transactions;Wholesalers;MAT Q4.25;6149473;
Guatemala;NARTD;Absolute Transactions;Wholesalers;MAT Q4.24;384752.6;
Costa Rica;NARTD;Absolute Transactions;Wholesalers;MAT Q4.24;311799.9;
Honduras;NARTD;Absolute Transactions;Wholesalers;MAT Q4.24;474744.2;
Republica Dominicana;NARTD;Absolute Transactions;Wholesalers;MAT Q4.24;1279854;
Peru;NARTD;Absolute Transactions;Wholesalers;MAT Q4.24;5977632;
Ecuador;NARTD;Absolute Transactions;Wholesalers;MAT Q4.24;7246615;
Colombia;NARTD;Absolute Transactions;Wholesalers;MAT Q4.24;5141657;
Guatemala;NARTD;Absolute Transactions;Down The Trade;MAT Q4.25;125336700;
Costa Rica;NARTD;Absolute Transactions;Down The Trade;MAT Q4.25;25395230;
Honduras;NARTD;Absolute Transactions;Down The Trade;MAT Q4.25;102504300;
Republica Dominicana;NARTD;Absolute Transactions;Down The Trade;MAT Q4.25;49267580;
Peru;NARTD;Absolute Transactions;Down The Trade;MAT Q4.25;333743400;
Ecuador;NARTD;Absolute Transactions;Down The Trade;MAT Q4.25;136483700;
Colombia;NARTD;Absolute Transactions;Down The Trade;MAT Q4.25;213528600;
Guatemala;NARTD;Absolute Transactions;Down The Trade;MAT Q4.24;131551500;
Costa Rica;NARTD;Absolute Transactions;Down The Trade;MAT Q4.24;29265700;
Honduras;NARTD;Absolute Transactions;Down The Trade;MAT Q4.24;85039470;
Republica Dominicana;NARTD;Absolute Transactions;Down The Trade;MAT Q4.24;76161610;
Peru;NARTD;Absolute Transactions;Down The Trade;MAT Q4.24;350534100;
Ecuador;NARTD;Absolute Transactions;Down The Trade;MAT Q4.24;150471400;
Colombia;NARTD;Absolute Transactions;Down The Trade;MAT Q4.24;204332000;
Guatemala;NARTD;Absolute Transactions;Minimarket + Ind. Supermarkets;MAT Q4.25;5094445;
Costa Rica;NARTD;Absolute Transactions;Minimarket + Ind. Supermarkets;MAT Q4.25;22491280;
Honduras;NARTD;Absolute Transactions;Minimarket + Ind. Supermarkets;MAT Q4.25;12151310;
Republica Dominicana;NARTD;Absolute Transactions;Minimarket + Ind. Supermarkets;MAT Q4.25;5707395;
Peru;NARTD;Absolute Transactions;Minimarket + Ind. Supermarkets;MAT Q4.25;8088090;
Ecuador;NARTD;Absolute Transactions;Minimarket + Ind. Supermarkets;MAT Q4.25;6379599;
Colombia;NARTD;Absolute Transactions;Minimarket + Ind. Supermarkets;MAT Q4.25;60899590;
Guatemala;NARTD;Absolute Transactions;Minimarket + Ind. Supermarkets;MAT Q4.24;4139852;
Costa Rica;NARTD;Absolute Transactions;Minimarket + Ind. Supermarkets;MAT Q4.24;22783600;
Honduras;NARTD;Absolute Transactions;Minimarket + Ind. Supermarkets;MAT Q4.24;10975540;
Republica Dominicana;NARTD;Absolute Transactions;Minimarket + Ind. Supermarkets;MAT Q4.24;6934525;
Peru;NARTD;Absolute Transactions;Minimarket + Ind. Supermarkets;MAT Q4.24;9223872;
Ecuador;NARTD;Absolute Transactions;Minimarket + Ind. Supermarkets;MAT Q4.24;4846451;
Colombia;NARTD;Absolute Transactions;Minimarket + Ind. Supermarkets;MAT Q4.24;63169740;
Guatemala;NARTD;Absolute Transactions;Traditional Store;MAT Q4.25;118223700;
Costa Rica;NARTD;Absolute Transactions;Traditional Store;MAT Q4.25;2421896;
Honduras;NARTD;Absolute Transactions;Traditional Store;MAT Q4.25;88781330;
Republica Dominicana;NARTD;Absolute Transactions;Traditional Store;MAT Q4.25;43560185;
Peru;NARTD;Absolute Transactions;Traditional Store;MAT Q4.25;296730000;
Ecuador;NARTD;Absolute Transactions;Traditional Store;MAT Q4.25;124545100;
Colombia;NARTD;Absolute Transactions;Traditional Store;MAT Q4.25;146156500;
Guatemala;NARTD;Absolute Transactions;Traditional Store;MAT Q4.24;126081800;
Costa Rica;NARTD;Absolute Transactions;Traditional Store;MAT Q4.24;5703882;
Honduras;NARTD;Absolute Transactions;Traditional Store;MAT Q4.24;73513160;
Republica Dominicana;NARTD;Absolute Transactions;Traditional Store;MAT Q4.24;69227085;
Peru;NARTD;Absolute Transactions;Traditional Store;MAT Q4.24;312967300;
Ecuador;NARTD;Absolute Transactions;Traditional Store;MAT Q4.24;141245800;
Colombia;NARTD;Absolute Transactions;Traditional Store;MAT Q4.24;134753000;
Guatemala;NARTD;Absolute Transactions;Bakery;MAT Q4.25;42837.3;
Costa Rica;NARTD;Absolute Transactions;Bakery;MAT Q4.25;435384;
Honduras;NARTD;Absolute Transactions;Bakery;MAT Q4.25;11226;
Republica Dominicana;NARTD;Absolute Transactions;Bakery;MAT Q4.25;197878;
Peru;NARTD;Absolute Transactions;Bakery;MAT Q4.25;616922;
Ecuador;NARTD;Absolute Transactions;Bakery;MAT Q4.25;1170175;
Colombia;NARTD;Absolute Transactions;Bakery;MAT Q4.25;4263443;
Guatemala;NARTD;Absolute Transactions;Bakery;MAT Q4.24;16132;
Costa Rica;NARTD;Absolute Transactions;Bakery;MAT Q4.24;757802.6;
Honduras;NARTD;Absolute Transactions;Bakery;MAT Q4.24;11647.6;
Republica Dominicana;NARTD;Absolute Transactions;Bakery;MAT Q4.24;388267;
Peru;NARTD;Absolute Transactions;Bakery;MAT Q4.24;566587;
Ecuador;NARTD;Absolute Transactions;Bakery;MAT Q4.24;1326520;
Colombia;NARTD;Absolute Transactions;Bakery;MAT Q4.24;6335076;
Guatemala;NARTD;Absolute Transactions;E-commerce;MAT Q4.25;22052;
Costa Rica;NARTD;Absolute Transactions;E-commerce;MAT Q4.25;12198.7;
Honduras;NARTD;Absolute Transactions;E-commerce;MAT Q4.25;11779.3;
Republica Dominicana;NARTD;Absolute Transactions;E-commerce;MAT Q4.25;27720;
Peru;NARTD;Absolute Transactions;E-commerce;MAT Q4.25;1270565;
Ecuador;NARTD;Absolute Transactions;E-commerce;MAT Q4.25;27795;
Colombia;NARTD;Absolute Transactions;E-commerce;MAT Q4.25;47867;
Guatemala;NARTD;Absolute Transactions;E-commerce;MAT Q4.24;20619.6;
Costa Rica;NARTD;Absolute Transactions;E-commerce;MAT Q4.24;7349.1;
Honduras;NARTD;Absolute Transactions;E-commerce;MAT Q4.24;28991.6;
Republica Dominicana;NARTD;Absolute Transactions;E-commerce;MAT Q4.24;25542;
Peru;NARTD;Absolute Transactions;E-commerce;MAT Q4.24;1330158;
Ecuador;NARTD;Absolute Transactions;E-commerce;MAT Q4.24;10444;
Colombia;NARTD;Absolute Transactions;E-commerce;MAT Q4.24;80180;
Guatemala;NARTD;Absolute Transactions;Door To Door;MAT Q4.25;53416410;
Costa Rica;NARTD;Absolute Transactions;Door To Door;MAT Q4.25;77056;
Honduras;NARTD;Absolute Transactions;Door To Door;MAT Q4.25;32459920;
Republica Dominicana;NARTD;Absolute Transactions;Door To Door;MAT Q4.25;1539178;
Peru;NARTD;Absolute Transactions;Door To Door;MAT Q4.25;5285111;
Ecuador;NARTD;Absolute Transactions;Door To Door;MAT Q4.25;37257500;
Colombia;NARTD;Absolute Transactions;Door To Door;MAT Q4.25;1413229;
Guatemala;NARTD;Absolute Transactions;Door To Door;MAT Q4.24;54264100;
Costa Rica;NARTD;Absolute Transactions;Door To Door;MAT Q4.24;8281.6;
Honduras;NARTD;Absolute Transactions;Door To Door;MAT Q4.24;32850950;
Republica Dominicana;NARTD;Absolute Transactions;Door To Door;MAT Q4.24;418432;
Peru;NARTD;Absolute Transactions;Door To Door;MAT Q4.24;5027535;
Ecuador;NARTD;Absolute Transactions;Door To Door;MAT Q4.24;50448130;
Colombia;NARTD;Absolute Transactions;Door To Door;MAT Q4.24;1105094;
Guatemala;NARTD;Absolute Transactions;Specialized Stores;MAT Q4.25;603270.1;
Costa Rica;NARTD;Absolute Transactions;Specialized Stores;MAT Q4.25;329636.8;
Honduras;NARTD;Absolute Transactions;Specialized Stores;MAT Q4.25;429640.5;
Republica Dominicana;NARTD;Absolute Transactions;Specialized Stores;MAT Q4.25;381951;
Peru;NARTD;Absolute Transactions;Specialized Stores;MAT Q4.25;350252;
Ecuador;NARTD;Absolute Transactions;Specialized Stores;MAT Q4.25;1585028;
Colombia;NARTD;Absolute Transactions;Specialized Stores;MAT Q4.25;3695708;
Guatemala;NARTD;Absolute Transactions;Specialized Stores;MAT Q4.24;456042.9;
Costa Rica;NARTD;Absolute Transactions;Specialized Stores;MAT Q4.24;237869.8;
Honduras;NARTD;Absolute Transactions;Specialized Stores;MAT Q4.24;202279.5;
Republica Dominicana;NARTD;Absolute Transactions;Specialized Stores;MAT Q4.24;219224;
Peru;NARTD;Absolute Transactions;Specialized Stores;MAT Q4.24;326284;
Ecuador;NARTD;Absolute Transactions;Specialized Stores;MAT Q4.24;2709506;
Colombia;NARTD;Absolute Transactions;Specialized Stores;MAT Q4.24;2754573;
Guatemala;NARTD;Absolute Transactions;Total Market;MAT Q4.25;0.2841176555482311;
Costa Rica;NARTD;Absolute Transactions;Total Market;MAT Q4.25;0.18146948110574815;
Honduras;NARTD;Absolute Transactions;Total Market;MAT Q4.25;0.45178417899070655;
Republica Dominicana;NARTD;Absolute Transactions;Total Market;MAT Q4.25;0.2240320605037316;
Peru;NARTD;Absolute Transactions;Total Market;MAT Q4.25;0.20944022923917424;
Ecuador;NARTD;Absolute Transactions;Total Market;MAT Q4.25;0.24441720524165467;
Colombia;NARTD;Absolute Transactions;Total Market;MAT Q4.25;0.1396237487868279;
Guatemala;NARTD;Absolute Transactions;Total Market;MAT Q4.24;0.285325519274774;
Costa Rica;NARTD;Absolute Transactions;Total Market;MAT Q4.24;0.19681063436310947;
Honduras;NARTD;Absolute Transactions;Total Market;MAT Q4.24;0.4358499933834745;
Republica Dominicana;NARTD;Absolute Transactions;Total Market;MAT Q4.24;0.2539220345718849;
Peru;NARTD;Absolute Transactions;Total Market;MAT Q4.24;0.19800513511377568;
Ecuador;NARTD;Absolute Transactions;Total Market;MAT Q4.24;0.26497138788921154;
Colombia;NARTD;Absolute Transactions;Total Market;MAT Q4.24;0.1325451898020231;
Guatemala;NARTD;Absolute Transactions;Modern Trade (Including Wholesalers);MAT Q4.25;0.2221563003858432;
Costa Rica;NARTD;Absolute Transactions;Modern Trade (Including Wholesalers);MAT Q4.25;0.17760925301760147;
Honduras;NARTD;Absolute Transactions;Modern Trade (Including Wholesalers);MAT Q4.25;0.31332372094561056;
Republica Dominicana;NARTD;Absolute Transactions;Modern Trade (Including Wholesalers);MAT Q4.25;0.19597686229872663;
Peru;NARTD;Absolute Transactions;Modern Trade (Including Wholesalers);MAT Q4.25;0.20050588390235588;
Ecuador;NARTD;Absolute Transactions;Modern Trade (Including Wholesalers);MAT Q4.25;0.177697013775242;
Colombia;NARTD;Absolute Transactions;Modern Trade (Including Wholesalers);MAT Q4.25;0.15653947877642396;
Guatemala;NARTD;Absolute Transactions;Modern Trade (Including Wholesalers);MAT Q4.24;0.19376093769077368;
Costa Rica;NARTD;Absolute Transactions;Modern Trade (Including Wholesalers);MAT Q4.24;0.20314232650004335;
Honduras;NARTD;Absolute Transactions;Modern Trade (Including Wholesalers);MAT Q4.24;0.3098855349538561;
Republica Dominicana;NARTD;Absolute Transactions;Modern Trade (Including Wholesalers);MAT Q4.24;0.18471724565227357;
Peru;NARTD;Absolute Transactions;Modern Trade (Including Wholesalers);MAT Q4.24;0.2148126143171178;
Ecuador;NARTD;Absolute Transactions;Modern Trade (Including Wholesalers);MAT Q4.24;0.17284792005202937;
Colombia;NARTD;Absolute Transactions;Modern Trade (Including Wholesalers);MAT Q4.24;0.1665503237000974;
Guatemala;NARTD;Absolute Transactions;Hypermarket;MAT Q4.25;0.15874801254537854;
Costa Rica;NARTD;Absolute Transactions;Hypermarket;MAT Q4.25;0.15897540708110675;
Honduras;NARTD;Absolute Transactions;Hypermarket;MAT Q4.25;0.35507224366282;
Republica Dominicana;NARTD;Absolute Transactions;Hypermarket;MAT Q4.25;0.18192541741952248;
Peru;NARTD;Absolute Transactions;Hypermarket;MAT Q4.25;0.18301186004401698;
Ecuador;NARTD;Absolute Transactions;Hypermarket;MAT Q4.25;0.21702739184387856;
Colombia;NARTD;Absolute Transactions;Hypermarket;MAT Q4.25;0.1385729990223798;
Guatemala;NARTD;Absolute Transactions;Hypermarket;MAT Q4.24;0.20983859573168478;
Costa Rica;NARTD;Absolute Transactions;Hypermarket;MAT Q4.24;0.19474723439426725;
Honduras;NARTD;Absolute Transactions;Hypermarket;MAT Q4.24;0.2752746892660439;
Republica Dominicana;NARTD;Absolute Transactions;Hypermarket;MAT Q4.24;0.19192387575771816;
Peru;NARTD;Absolute Transactions;Hypermarket;MAT Q4.24;0.18925107712290443;
Ecuador;NARTD;Absolute Transactions;Hypermarket;MAT Q4.24;0.22772197607659062;
Colombia;NARTD;Absolute Transactions;Hypermarket;MAT Q4.24;0.15527743603753788;
Guatemala;NARTD;Absolute Transactions;Supermarket;MAT Q4.25;0.20477052254822328;
Costa Rica;NARTD;Absolute Transactions;Supermarket;MAT Q4.25;0.18451165723174043;
Honduras;NARTD;Absolute Transactions;Supermarket;MAT Q4.25;0.3106786588067702;
Republica Dominicana;NARTD;Absolute Transactions;Supermarket;MAT Q4.25;0.20218233184864023;
Peru;NARTD;Absolute Transactions;Supermarket;MAT Q4.25;0.1953524783336626;
Ecuador;NARTD;Absolute Transactions;Supermarket;MAT Q4.25;0.18133474870672747;
Colombia;NARTD;Absolute Transactions;Supermarket;MAT Q4.25;0.12782132186564177;
Guatemala;NARTD;Absolute Transactions;Supermarket;MAT Q4.24;0.20175398423402874;
Costa Rica;NARTD;Absolute Transactions;Supermarket;MAT Q4.24;0.2100802662690165;
Honduras;NARTD;Absolute Transactions;Supermarket;MAT Q4.24;0.3097720096698031;
Republica Dominicana;NARTD;Absolute Transactions;Supermarket;MAT Q4.24;0.18361093238129217;
Peru;NARTD;Absolute Transactions;Supermarket;MAT Q4.24;0.1980572574096376;
Ecuador;NARTD;Absolute Transactions;Supermarket;MAT Q4.24;0.19448927352050097;
Colombia;NARTD;Absolute Transactions;Supermarket;MAT Q4.24;0.13854936298697845;
Guatemala;NARTD;Absolute Transactions;Neighborhood + Convenience;MAT Q4.25;0.3482073839287158;
Costa Rica;NARTD;Absolute Transactions;Neighborhood + Convenience;MAT Q4.25;0.24636019815760055;
Honduras;NARTD;Absolute Transactions;Neighborhood + Convenience;MAT Q4.25;0.5536461759630235;
Republica Dominicana;NARTD;Absolute Transactions;Neighborhood + Convenience;MAT Q4.25;0.19832370311685846;
Peru;NARTD;Absolute Transactions;Neighborhood + Convenience;MAT Q4.25;0.4406169950518926;
Ecuador;NARTD;Absolute Transactions;Neighborhood + Convenience;MAT Q4.25;0.266946509230466;
Colombia;NARTD;Absolute Transactions;Neighborhood + Convenience;MAT Q4.25;0.32887123840614624;
Guatemala;NARTD;Absolute Transactions;Neighborhood + Convenience;MAT Q4.24;0.4002162331855629;
Costa Rica;NARTD;Absolute Transactions;Neighborhood + Convenience;MAT Q4.24;0.3786734015070538;
Honduras;NARTD;Absolute Transactions;Neighborhood + Convenience;MAT Q4.24;0.555847866445759;
Republica Dominicana;NARTD;Absolute Transactions;Neighborhood + Convenience;MAT Q4.24;0.18261636531291345;
Peru;NARTD;Absolute Transactions;Neighborhood + Convenience;MAT Q4.24;0.4848678264435379;
Ecuador;NARTD;Absolute Transactions;Neighborhood + Convenience;MAT Q4.24;0.31848850506652043;
Colombia;NARTD;Absolute Transactions;Neighborhood + Convenience;MAT Q4.24;0.35694973407939584;
Guatemala;NARTD;Absolute Transactions;Discounters;MAT Q4.25;0.20825927994077412;
Costa Rica;NARTD;Absolute Transactions;Discounters;MAT Q4.25;0.1771658825014586;
Honduras;NARTD;Absolute Transactions;Discounters;MAT Q4.25;0.27687020324108325;
Peru;NARTD;Absolute Transactions;Discounters;MAT Q4.25;0.19198884233948885;
Ecuador;NARTD;Absolute Transactions;Discounters;MAT Q4.25;0.13645417084181527;
Colombia;NARTD;Absolute Transactions;Discounters;MAT Q4.25;0.169175733550238;
Guatemala;NARTD;Absolute Transactions;Discounters;MAT Q4.24;0.16977976103435427;
Costa Rica;NARTD;Absolute Transactions;Discounters;MAT Q4.24;0.19930915708948596;
Honduras;NARTD;Absolute Transactions;Discounters;MAT Q4.24;0.2963152461738701;
Peru;NARTD;Absolute Transactions;Discounters;MAT Q4.24;0.212490972002223;
Ecuador;NARTD;Absolute Transactions;Discounters;MAT Q4.24;0.1412649427072281;
Colombia;NARTD;Absolute Transactions;Discounters;MAT Q4.24;0.17625266415920687;
Guatemala;NARTD;Absolute Transactions;Wholesalers;MAT Q4.25;0.3849274847649829;
Costa Rica;NARTD;Absolute Transactions;Wholesalers;MAT Q4.25;0.10178594398445592;
Honduras;NARTD;Absolute Transactions;Wholesalers;MAT Q4.25;0.46268706853049746;
Republica Dominicana;NARTD;Absolute Transactions;Wholesalers;MAT Q4.25;0.24677330055303404;
Peru;NARTD;Absolute Transactions;Wholesalers;MAT Q4.25;0.17098326932826732;
Ecuador;NARTD;Absolute Transactions;Wholesalers;MAT Q4.25;0.16993865922965884;
Colombia;NARTD;Absolute Transactions;Wholesalers;MAT Q4.25;0.12583627931418057;
Guatemala;NARTD;Absolute Transactions;Wholesalers;MAT Q4.24;0.23146967662445794;
Costa Rica;NARTD;Absolute Transactions;Wholesalers;MAT Q4.24;0.11186999109847541;
Honduras;NARTD;Absolute Transactions;Wholesalers;MAT Q4.24;0.4418456950813295;
Republica Dominicana;NARTD;Absolute Transactions;Wholesalers;MAT Q4.24;0.291281651190943;
Peru;NARTD;Absolute Transactions;Wholesalers;MAT Q4.24;0.18657378810866893;
Ecuador;NARTD;Absolute Transactions;Wholesalers;MAT Q4.24;0.12480018337835701;
Colombia;NARTD;Absolute Transactions;Wholesalers;MAT Q4.24;0.13386894028192983;
Guatemala;NARTD;Absolute Transactions;Down The Trade;MAT Q4.25;0.2829325806324908;
Costa Rica;NARTD;Absolute Transactions;Down The Trade;MAT Q4.25;0.2454273799571871;
Honduras;NARTD;Absolute Transactions;Down The Trade;MAT Q4.25;0.5236356670327705;
Republica Dominicana;NARTD;Absolute Transactions;Down The Trade;MAT Q4.25;0.25373072527703433;
Peru;NARTD;Absolute Transactions;Down The Trade;MAT Q4.25;0.2164681174263037;
Ecuador;NARTD;Absolute Transactions;Down The Trade;MAT Q4.25;0.3343019040583464;
Colombia;NARTD;Absolute Transactions;Down The Trade;MAT Q4.25;0.16836209955293432;
Guatemala;NARTD;Absolute Transactions;Down The Trade;MAT Q4.24;0.2973455515985277;
Costa Rica;NARTD;Absolute Transactions;Down The Trade;MAT Q4.24;0.25240475215075786;
Honduras;NARTD;Absolute Transactions;Down The Trade;MAT Q4.24;0.4890859086132913;
Republica Dominicana;NARTD;Absolute Transactions;Down The Trade;MAT Q4.24;0.2817956321860345;
Peru;NARTD;Absolute Transactions;Down The Trade;MAT Q4.24;0.2057394248190931;
Ecuador;NARTD;Absolute Transactions;Down The Trade;MAT Q4.24;0.34815240543841064;
Colombia;NARTD;Absolute Transactions;Down The Trade;MAT Q4.24;0.1539541871542601;
Guatemala;NARTD;Absolute Transactions;Minimarket + Ind. Supermarkets;MAT Q4.25;0.23787365875068872;
Costa Rica;NARTD;Absolute Transactions;Minimarket + Ind. Supermarkets;MAT Q4.25;0.24600392161967027;
Honduras;NARTD;Absolute Transactions;Minimarket + Ind. Supermarkets;MAT Q4.25;0.28792942769355007;
Republica Dominicana;NARTD;Absolute Transactions;Minimarket + Ind. Supermarkets;MAT Q4.25;0.13395694381497147;
Peru;NARTD;Absolute Transactions;Minimarket + Ind. Supermarkets;MAT Q4.25;0.2146485381609963;
Ecuador;NARTD;Absolute Transactions;Minimarket + Ind. Supermarkets;MAT Q4.25;0.22206964513964117;
Colombia;NARTD;Absolute Transactions;Minimarket + Ind. Supermarkets;MAT Q4.25;0.1601471944073804;
Guatemala;NARTD;Absolute Transactions;Minimarket + Ind. Supermarkets;MAT Q4.24;0.25964496358568717;
Costa Rica;NARTD;Absolute Transactions;Minimarket + Ind. Supermarkets;MAT Q4.24;0.2446687447695285;
Honduras;NARTD;Absolute Transactions;Minimarket + Ind. Supermarkets;MAT Q4.24;0.2847970489471331;
Republica Dominicana;NARTD;Absolute Transactions;Minimarket + Ind. Supermarkets;MAT Q4.24;0.14945071215394456;
Peru;NARTD;Absolute Transactions;Minimarket + Ind. Supermarkets;MAT Q4.24;0.24584372022361856;
Ecuador;NARTD;Absolute Transactions;Minimarket + Ind. Supermarkets;MAT Q4.24;0.2074320622632045;
Colombia;NARTD;Absolute Transactions;Minimarket + Ind. Supermarkets;MAT Q4.24;0.15648492343181247;
Guatemala;NARTD;Absolute Transactions;Traditional Store;MAT Q4.25;0.36686825894465525;
Costa Rica;NARTD;Absolute Transactions;Traditional Store;MAT Q4.25;0.30411807621360504;
Honduras;NARTD;Absolute Transactions;Traditional Store;MAT Q4.25;0.6242486522745219;
Republica Dominicana;NARTD;Absolute Transactions;Traditional Store;MAT Q4.25;0.19457593302471113;
Peru;NARTD;Absolute Transactions;Traditional Store;MAT Q4.25;0.2999265269462349;
Ecuador;NARTD;Absolute Transactions;Traditional Store;MAT Q4.25;0.40168673136695293;
Colombia;NARTD;Absolute Transactions;Traditional Store;MAT Q4.25;0.23405869351253067;
Guatemala;NARTD;Absolute Transactions;Traditional Store;MAT Q4.24;0.37103376512085207;
Costa Rica;NARTD;Absolute Transactions;Traditional Store;MAT Q4.24;0.3465859002730696;
Honduras;NARTD;Absolute Transactions;Traditional Store;MAT Q4.24;0.5827638992054426;
Republica Dominicana;NARTD;Absolute Transactions;Traditional Store;MAT Q4.24;0.3092256071560758;
Peru;NARTD;Absolute Transactions;Traditional Store;MAT Q4.24;0.2916837221613319;
Ecuador;NARTD;Absolute Transactions;Traditional Store;MAT Q4.24;0.4116583958514092;
Colombia;NARTD;Absolute Transactions;Traditional Store;MAT Q4.24;0.23206624254455357;
Guatemala;NARTD;Absolute Transactions;Bakery;MAT Q4.25;0.022394009904380334;
Costa Rica;NARTD;Absolute Transactions;Bakery;MAT Q4.25;0.17182577315559724;
Honduras;NARTD;Absolute Transactions;Bakery;MAT Q4.25;0.4766534899816149;
Republica Dominicana;NARTD;Absolute Transactions;Bakery;MAT Q4.25;0.09608186171899316;
Peru;NARTD;Absolute Transactions;Bakery;MAT Q4.25;0.006223623807513378;
Ecuador;NARTD;Absolute Transactions;Bakery;MAT Q4.25;0.08350173900261029;
Colombia;NARTD;Absolute Transactions;Bakery;MAT Q4.25;0.026118164603915663;
Guatemala;NARTD;Absolute Transactions;Bakery;MAT Q4.24;0.013801576247463324;
Costa Rica;NARTD;Absolute Transactions;Bakery;MAT Q4.24;0.1870409084559083;
Honduras;NARTD;Absolute Transactions;Bakery;MAT Q4.24;0.11746695120032596;
Republica Dominicana;NARTD;Absolute Transactions;Bakery;MAT Q4.24;0.1201145005342657;
Peru;NARTD;Absolute Transactions;Bakery;MAT Q4.24;0.00468342742835415;
Ecuador;NARTD;Absolute Transactions;Bakery;MAT Q4.24;0.06639937130529235;
Colombia;NARTD;Absolute Transactions;Bakery;MAT Q4.24;0.02551643887426125;
Guatemala;NARTD;Absolute Transactions;E-commerce;MAT Q4.25;0.05459798359832205;
Costa Rica;NARTD;Absolute Transactions;E-commerce;MAT Q4.25;0.11109987850571133;
Honduras;NARTD;Absolute Transactions;E-commerce;MAT Q4.25;0.11147978811903113;
Republica Dominicana;NARTD;Absolute Transactions;E-commerce;MAT Q4.25;0.03827058907990435;
Peru;NARTD;Absolute Transactions;E-commerce;MAT Q4.25;0.1386373188859651;
Ecuador;NARTD;Absolute Transactions;E-commerce;MAT Q4.25;0.04898194391087207;
Colombia;NARTD;Absolute Transactions;E-commerce;MAT Q4.25;0.024315521152832146;
Guatemala;NARTD;Absolute Transactions;E-commerce;MAT Q4.24;0.06209692307089998;
Costa Rica;NARTD;Absolute Transactions;E-commerce;MAT Q4.24;0.052932685866898685;
Honduras;NARTD;Absolute Transactions;E-commerce;MAT Q4.24;0.23881349440067215;
Republica Dominicana;NARTD;Absolute Transactions;E-commerce;MAT Q4.24;0.0639163597053171;
Peru;NARTD;Absolute Transactions;E-commerce;MAT Q4.24;0.16703315415190703;
Ecuador;NARTD;Absolute Transactions;E-commerce;MAT Q4.24;0.019832287663116958;
Colombia;NARTD;Absolute Transactions;E-commerce;MAT Q4.24;0.053704059686657105;
Guatemala;NARTD;Absolute Transactions;Door To Door;MAT Q4.25;0.8262370955582209;
Costa Rica;NARTD;Absolute Transactions;Door To Door;MAT Q4.25;0.041449573164499764;
Honduras;NARTD;Absolute Transactions;Door To Door;MAT Q4.25;0.9480133434813262;
Republica Dominicana;NARTD;Absolute Transactions;Door To Door;MAT Q4.25;0.4267271649047377;
Peru;NARTD;Absolute Transactions;Door To Door;MAT Q4.25;0.138068842787955;
Ecuador;NARTD;Absolute Transactions;Door To Door;MAT Q4.25;0.5807007686307026;
Colombia;NARTD;Absolute Transactions;Door To Door;MAT Q4.25;0.024351469337714624;
Guatemala;NARTD;Absolute Transactions;Door To Door;MAT Q4.24;0.8872509577776648;
Costa Rica;NARTD;Absolute Transactions;Door To Door;MAT Q4.24;0.004874350800698758;
Honduras;NARTD;Absolute Transactions;Door To Door;MAT Q4.24;0.9274807274513651;
Republica Dominicana;NARTD;Absolute Transactions;Door To Door;MAT Q4.24;0.14160614572405159;
Peru;NARTD;Absolute Transactions;Door To Door;MAT Q4.24;0.1261532813802064;
Ecuador;NARTD;Absolute Transactions;Door To Door;MAT Q4.24;0.5313989973725058;
Colombia;NARTD;Absolute Transactions;Door To Door;MAT Q4.24;0.022814848581130028;
Guatemala;NARTD;Absolute Transactions;Specialized Stores;MAT Q4.25;0.008714562201916288;
Costa Rica;NARTD;Absolute Transactions;Specialized Stores;MAT Q4.25;0.010969625250749085;
Honduras;NARTD;Absolute Transactions;Specialized Stores;MAT Q4.25;0.030579133843696708;
Republica Dominicana;NARTD;Absolute Transactions;Specialized Stores;MAT Q4.25;0.026173540500869594;
Peru;NARTD;Absolute Transactions;Specialized Stores;MAT Q4.25;0.09336968398974312;
Ecuador;NARTD;Absolute Transactions;Specialized Stores;MAT Q4.25;0.016730346412327672;
Colombia;NARTD;Absolute Transactions;Specialized Stores;MAT Q4.25;0.010919990272876543;
Guatemala;NARTD;Absolute Transactions;Specialized Stores;MAT Q4.24;0.006143501938186828;
Costa Rica;NARTD;Absolute Transactions;Specialized Stores;MAT Q4.24;0.007378553260127799;
Honduras;NARTD;Absolute Transactions;Specialized Stores;MAT Q4.24;0.014114683130581377;
Republica Dominicana;NARTD;Absolute Transactions;Specialized Stores;MAT Q4.24;0.02122048985700001;
Peru;NARTD;Absolute Transactions;Specialized Stores;MAT Q4.24;0.0873646524507616;
Ecuador;NARTD;Absolute Transactions;Specialized Stores;MAT Q4.24;0.026108145974035483;
Colombia;NARTD;Absolute Transactions;Specialized Stores;MAT Q4.24;0.0066298091618670315;
Guatemala;TCCC;Occasions Share %;Total Market;MAT Q4.25;100;
Costa Rica;TCCC;Occasions Share %;Total Market;MAT Q4.25;100;
Honduras;TCCC;Occasions Share %;Total Market;MAT Q4.25;100;
Republica Dominicana;TCCC;Occasions Share %;Total Market;MAT Q4.25;100;
Peru;TCCC;Occasions Share %;Total Market;MAT Q4.25;100;
Ecuador;TCCC;Occasions Share %;Total Market;MAT Q4.25;100;
Colombia;TCCC;Occasions Share %;Total Market;MAT Q4.25;100;
Guatemala;TCCC;Occasions Share %;Total Market;MAT Q4.24;100;
Costa Rica;TCCC;Occasions Share %;Total Market;MAT Q4.24;100;
Honduras;TCCC;Occasions Share %;Total Market;MAT Q4.24;100;
Republica Dominicana;TCCC;Occasions Share %;Total Market;MAT Q4.24;100;
Peru;TCCC;Occasions Share %;Total Market;MAT Q4.24;100;
Ecuador;TCCC;Occasions Share %;Total Market;MAT Q4.24;100;
Colombia;TCCC;Occasions Share %;Total Market;MAT Q4.24;100;
Guatemala;TCCC;Occasions Share %;Modern Trade (Including Wholesalers);MAT Q4.25;17.3;
Costa Rica;TCCC;Occasions Share %;Modern Trade (Including Wholesalers);MAT Q4.25;33.6;
Honduras;TCCC;Occasions Share %;Modern Trade (Including Wholesalers);MAT Q4.25;5.5;
Republica Dominicana;TCCC;Occasions Share %;Modern Trade (Including Wholesalers);MAT Q4.25;40.72;
Peru;TCCC;Occasions Share %;Modern Trade (Including Wholesalers);MAT Q4.25;9.4;
Ecuador;TCCC;Occasions Share %;Modern Trade (Including Wholesalers);MAT Q4.25;20.5;
Colombia;TCCC;Occasions Share %;Modern Trade (Including Wholesalers);MAT Q4.25;12.096359434555527;
Guatemala;TCCC;Occasions Share %;Modern Trade (Including Wholesalers);MAT Q4.24;12.2;
Costa Rica;TCCC;Occasions Share %;Modern Trade (Including Wholesalers);MAT Q4.24;30.9;
Honduras;TCCC;Occasions Share %;Modern Trade (Including Wholesalers);MAT Q4.24;5.2;
Republica Dominicana;TCCC;Occasions Share %;Modern Trade (Including Wholesalers);MAT Q4.24;35.38;
Peru;TCCC;Occasions Share %;Modern Trade (Including Wholesalers);MAT Q4.24;9.3;
Ecuador;TCCC;Occasions Share %;Modern Trade (Including Wholesalers);MAT Q4.24;28.2;
Colombia;TCCC;Occasions Share %;Modern Trade (Including Wholesalers);MAT Q4.24;12.16633285181556;
Guatemala;TCCC;Occasions Share %;Hypermarket;MAT Q4.25;0.3;
Costa Rica;TCCC;Occasions Share %;Hypermarket;MAT Q4.25;1.8;
Honduras;TCCC;Occasions Share %;Hypermarket;MAT Q4.25;0.3;
Republica Dominicana;TCCC;Occasions Share %;Hypermarket;MAT Q4.25;15.53;
Peru;TCCC;Occasions Share %;Hypermarket;MAT Q4.25;3.8;
Ecuador;TCCC;Occasions Share %;Hypermarket;MAT Q4.25;3.4;
Colombia;TCCC;Occasions Share %;Hypermarket;MAT Q4.25;7.9;
Guatemala;TCCC;Occasions Share %;Hypermarket;MAT Q4.24;0.2;
Costa Rica;TCCC;Occasions Share %;Hypermarket;MAT Q4.24;1.4;
Honduras;TCCC;Occasions Share %;Hypermarket;MAT Q4.24;0.1;
Republica Dominicana;TCCC;Occasions Share %;Hypermarket;MAT Q4.24;11.21;
Peru;TCCC;Occasions Share %;Hypermarket;MAT Q4.24;4.1;
Ecuador;TCCC;Occasions Share %;Hypermarket;MAT Q4.24;3.9;
Colombia;TCCC;Occasions Share %;Hypermarket;MAT Q4.24;8.2;
Guatemala;TCCC;Occasions Share %;Supermarket;MAT Q4.25;2.8;
Costa Rica;TCCC;Occasions Share %;Supermarket;MAT Q4.25;10.9;
Honduras;TCCC;Occasions Share %;Supermarket;MAT Q4.25;1.7;
Republica Dominicana;TCCC;Occasions Share %;Supermarket;MAT Q4.25;23.58;
Peru;TCCC;Occasions Share %;Supermarket;MAT Q4.25;1;
Ecuador;TCCC;Occasions Share %;Supermarket;MAT Q4.25;11.9;
Colombia;TCCC;Occasions Share %;Supermarket;MAT Q4.25;6.4;
Guatemala;TCCC;Occasions Share %;Supermarket;MAT Q4.24;2.5;
Costa Rica;TCCC;Occasions Share %;Supermarket;MAT Q4.24;9.8;
Honduras;TCCC;Occasions Share %;Supermarket;MAT Q4.24;1.5;
Republica Dominicana;TCCC;Occasions Share %;Supermarket;MAT Q4.24;23.42;
Peru;TCCC;Occasions Share %;Supermarket;MAT Q4.24;1.5;
Ecuador;TCCC;Occasions Share %;Supermarket;MAT Q4.24;16.4;
Colombia;TCCC;Occasions Share %;Supermarket;MAT Q4.24;6.1;
Guatemala;TCCC;Occasions Share %;Neighborhood + Convenience;MAT Q4.25;3;
Costa Rica;TCCC;Occasions Share %;Neighborhood + Convenience;MAT Q4.25;0.3;
Honduras;TCCC;Occasions Share %;Neighborhood + Convenience;MAT Q4.25;0.6;
Republica Dominicana;TCCC;Occasions Share %;Neighborhood + Convenience;MAT Q4.25;0.27;
Peru;TCCC;Occasions Share %;Neighborhood + Convenience;MAT Q4.25;1.1;
Ecuador;TCCC;Occasions Share %;Neighborhood + Convenience;MAT Q4.25;0.9;
Colombia;TCCC;Occasions Share %;Neighborhood + Convenience;MAT Q4.25;0.8;
Guatemala;TCCC;Occasions Share %;Neighborhood + Convenience;MAT Q4.24;2.2;
Costa Rica;TCCC;Occasions Share %;Neighborhood + Convenience;MAT Q4.24;0.6;
Honduras;TCCC;Occasions Share %;Neighborhood + Convenience;MAT Q4.24;0.9;
Republica Dominicana;TCCC;Occasions Share %;Neighborhood + Convenience;MAT Q4.24;0.29;
Peru;TCCC;Occasions Share %;Neighborhood + Convenience;MAT Q4.24;1.2;
Ecuador;TCCC;Occasions Share %;Neighborhood + Convenience;MAT Q4.24;1.1;
Colombia;TCCC;Occasions Share %;Neighborhood + Convenience;MAT Q4.24;0.9;
Guatemala;TCCC;Occasions Share %;Discounters;MAT Q4.25;11;
Costa Rica;TCCC;Occasions Share %;Discounters;MAT Q4.25;20.7;
Honduras;TCCC;Occasions Share %;Discounters;MAT Q4.25;2.8;
Republica Dominicana;TCCC;Occasions Share %;Discounters;MAT Q4.25;0;
Peru;TCCC;Occasions Share %;Discounters;MAT Q4.25;3.6;
Ecuador;TCCC;Occasions Share %;Discounters;MAT Q4.25;1.9;
Colombia;TCCC;Occasions Share %;Discounters;MAT Q4.25;20;
Guatemala;TCCC;Occasions Share %;Discounters;MAT Q4.24;7.1;
Costa Rica;TCCC;Occasions Share %;Discounters;MAT Q4.24;19;
Honduras;TCCC;Occasions Share %;Discounters;MAT Q4.24;2.7;
Republica Dominicana;TCCC;Occasions Share %;Discounters;MAT Q4.24;0;
Peru;TCCC;Occasions Share %;Discounters;MAT Q4.24;2.6;
Ecuador;TCCC;Occasions Share %;Discounters;MAT Q4.24;3.3;
Colombia;TCCC;Occasions Share %;Discounters;MAT Q4.24;21.6;
Guatemala;TCCC;Occasions Share %;Wholesalers;MAT Q4.25;0.4;
Costa Rica;TCCC;Occasions Share %;Wholesalers;MAT Q4.25;0.5;
Honduras;TCCC;Occasions Share %;Wholesalers;MAT Q4.25;0.2;
Republica Dominicana;TCCC;Occasions Share %;Wholesalers;MAT Q4.25;0.78;
Peru;TCCC;Occasions Share %;Wholesalers;MAT Q4.25;2.3;
Ecuador;TCCC;Occasions Share %;Wholesalers;MAT Q4.25;2.6;
Colombia;TCCC;Occasions Share %;Wholesalers;MAT Q4.25;0.8;
Guatemala;TCCC;Occasions Share %;Wholesalers;MAT Q4.24;0.2;
Costa Rica;TCCC;Occasions Share %;Wholesalers;MAT Q4.24;0.3;
Honduras;TCCC;Occasions Share %;Wholesalers;MAT Q4.24;0.3;
Republica Dominicana;TCCC;Occasions Share %;Wholesalers;MAT Q4.24;1.11;
Peru;TCCC;Occasions Share %;Wholesalers;MAT Q4.24;2.1;
Ecuador;TCCC;Occasions Share %;Wholesalers;MAT Q4.24;3.4;
Colombia;TCCC;Occasions Share %;Wholesalers;MAT Q4.24;1.2;
Guatemala;TCCC;Occasions Share %;Down The Trade;MAT Q4.25;74.1;
Costa Rica;TCCC;Occasions Share %;Down The Trade;MAT Q4.25;51.7;
Honduras;TCCC;Occasions Share %;Down The Trade;MAT Q4.25;89.4;
Republica Dominicana;TCCC;Occasions Share %;Down The Trade;MAT Q4.25;38.83;
Peru;TCCC;Occasions Share %;Down The Trade;MAT Q4.25;74.1;
Ecuador;TCCC;Occasions Share %;Down The Trade;MAT Q4.25;72.9;
Colombia;TCCC;Occasions Share %;Down The Trade;MAT Q4.25;54.6;
Guatemala;TCCC;Occasions Share %;Down The Trade;MAT Q4.24;81.1;
Costa Rica;TCCC;Occasions Share %;Down The Trade;MAT Q4.24;54.7;
Honduras;TCCC;Occasions Share %;Down The Trade;MAT Q4.24;88.7;
Republica Dominicana;TCCC;Occasions Share %;Down The Trade;MAT Q4.24;52.55;
Peru;TCCC;Occasions Share %;Down The Trade;MAT Q4.24;81.2;
Ecuador;TCCC;Occasions Share %;Down The Trade;MAT Q4.24;63.8;
Colombia;TCCC;Occasions Share %;Down The Trade;MAT Q4.24;52;
Guatemala;TCCC;Occasions Share %;Minimarket + Ind. Supermarkets;MAT Q4.25;2.8;
Costa Rica;TCCC;Occasions Share %;Minimarket + Ind. Supermarkets;MAT Q4.25;47;
Honduras;TCCC;Occasions Share %;Minimarket + Ind. Supermarkets;MAT Q4.25;6.4;
Republica Dominicana;TCCC;Occasions Share %;Minimarket + Ind. Supermarkets;MAT Q4.25;3.74;
Peru;TCCC;Occasions Share %;Minimarket + Ind. Supermarkets;MAT Q4.25;2.1;
Ecuador;TCCC;Occasions Share %;Minimarket + Ind. Supermarkets;MAT Q4.25;1.8;
Colombia;TCCC;Occasions Share %;Minimarket + Ind. Supermarkets;MAT Q4.25;15.8;
Guatemala;TCCC;Occasions Share %;Minimarket + Ind. Supermarkets;MAT Q4.24;2.3;
Costa Rica;TCCC;Occasions Share %;Minimarket + Ind. Supermarkets;MAT Q4.24;43.5;
Honduras;TCCC;Occasions Share %;Minimarket + Ind. Supermarkets;MAT Q4.24;6.4;
Republica Dominicana;TCCC;Occasions Share %;Minimarket + Ind. Supermarkets;MAT Q4.24;4.82;
Peru;TCCC;Occasions Share %;Minimarket + Ind. Supermarkets;MAT Q4.24;2.8;
Ecuador;TCCC;Occasions Share %;Minimarket + Ind. Supermarkets;MAT Q4.24;2.9;
Colombia;TCCC;Occasions Share %;Minimarket + Ind. Supermarkets;MAT Q4.24;14.2;
Guatemala;TCCC;Occasions Share %;Traditional Store;MAT Q4.25;70.3;
Costa Rica;TCCC;Occasions Share %;Traditional Store;MAT Q4.25;4.1;
Honduras;TCCC;Occasions Share %;Traditional Store;MAT Q4.25;83.7;
Republica Dominicana;TCCC;Occasions Share %;Traditional Store;MAT Q4.25;35.089999999999996;
Peru;TCCC;Occasions Share %;Traditional Store;MAT Q4.25;64.3;
Ecuador;TCCC;Occasions Share %;Traditional Store;MAT Q4.25;69.3;
Colombia;TCCC;Occasions Share %;Traditional Store;MAT Q4.25;36.4;
Guatemala;TCCC;Occasions Share %;Traditional Store;MAT Q4.24;78.2;
Costa Rica;TCCC;Occasions Share %;Traditional Store;MAT Q4.24;9.9;
Honduras;TCCC;Occasions Share %;Traditional Store;MAT Q4.24;86.6;
Republica Dominicana;TCCC;Occasions Share %;Traditional Store;MAT Q4.24;47.73;
Peru;TCCC;Occasions Share %;Traditional Store;MAT Q4.24;70.1;
Ecuador;TCCC;Occasions Share %;Traditional Store;MAT Q4.24;58.8;
Colombia;TCCC;Occasions Share %;Traditional Store;MAT Q4.24;36.3;
Guatemala;TCCC;Occasions Share %;Bakery;MAT Q4.25;0;
Costa Rica;TCCC;Occasions Share %;Bakery;MAT Q4.25;0.6;
Honduras;TCCC;Occasions Share %;Bakery;MAT Q4.25;0;
Republica Dominicana;TCCC;Occasions Share %;Bakery;MAT Q4.25;0.11;
Peru;TCCC;Occasions Share %;Bakery;MAT Q4.25;0.1;
Ecuador;TCCC;Occasions Share %;Bakery;MAT Q4.25;0.3;
Colombia;TCCC;Occasions Share %;Bakery;MAT Q4.25;2.3;
Guatemala;TCCC;Occasions Share %;Bakery;MAT Q4.24;0;
Costa Rica;TCCC;Occasions Share %;Bakery;MAT Q4.24;1.2;
Honduras;TCCC;Occasions Share %;Bakery;MAT Q4.24;0;
Republica Dominicana;TCCC;Occasions Share %;Bakery;MAT Q4.24;0.56;
Peru;TCCC;Occasions Share %;Bakery;MAT Q4.24;0.1;
Ecuador;TCCC;Occasions Share %;Bakery;MAT Q4.24;0.4;
Colombia;TCCC;Occasions Share %;Bakery;MAT Q4.24;1.1;
Guatemala;TCCC;Occasions Share %;E-commerce;MAT Q4.25;0;
Costa Rica;TCCC;Occasions Share %;E-commerce;MAT Q4.25;0;
Honduras;TCCC;Occasions Share %;E-commerce;MAT Q4.25;0;
Republica Dominicana;TCCC;Occasions Share %;E-commerce;MAT Q4.25;0.05;
Peru;TCCC;Occasions Share %;E-commerce;MAT Q4.25;0.3;
Ecuador;TCCC;Occasions Share %;E-commerce;MAT Q4.25;0;
Colombia;TCCC;Occasions Share %;E-commerce;MAT Q4.25;0;
Guatemala;TCCC;Occasions Share %;E-commerce;MAT Q4.24;0;
Costa Rica;TCCC;Occasions Share %;E-commerce;MAT Q4.24;0;
Honduras;TCCC;Occasions Share %;E-commerce;MAT Q4.24;0;
Republica Dominicana;TCCC;Occasions Share %;E-commerce;MAT Q4.24;0;
Peru;TCCC;Occasions Share %;E-commerce;MAT Q4.24;0.3;
Ecuador;TCCC;Occasions Share %;E-commerce;MAT Q4.24;0;
Colombia;TCCC;Occasions Share %;E-commerce;MAT Q4.24;0;
Guatemala;TCCC;Occasions Share %;Door To Door;MAT Q4.25;0.2;
Costa Rica;TCCC;Occasions Share %;Door To Door;MAT Q4.25;0.2;
Honduras;TCCC;Occasions Share %;Door To Door;MAT Q4.25;0.4;
Republica Dominicana;TCCC;Occasions Share %;Door To Door;MAT Q4.25;0.62;
Peru;TCCC;Occasions Share %;Door To Door;MAT Q4.25;3.4;
Ecuador;TCCC;Occasions Share %;Door To Door;MAT Q4.25;0.3;
Colombia;TCCC;Occasions Share %;Door To Door;MAT Q4.25;0.1;
Guatemala;TCCC;Occasions Share %;Door To Door;MAT Q4.24;0.1;
Costa Rica;TCCC;Occasions Share %;Door To Door;MAT Q4.24;0;
Honduras;TCCC;Occasions Share %;Door To Door;MAT Q4.24;0.4;
Republica Dominicana;TCCC;Occasions Share %;Door To Door;MAT Q4.24;0.41;
Peru;TCCC;Occasions Share %;Door To Door;MAT Q4.24;3.3;
Ecuador;TCCC;Occasions Share %;Door To Door;MAT Q4.24;0.6;
Colombia;TCCC;Occasions Share %;Door To Door;MAT Q4.24;0.1;
Guatemala;TCCC;Occasions Share %;Specialized Stores;MAT Q4.25;0.2;
Costa Rica;TCCC;Occasions Share %;Specialized Stores;MAT Q4.25;0.8;
Honduras;TCCC;Occasions Share %;Specialized Stores;MAT Q4.25;0.3;
Republica Dominicana;TCCC;Occasions Share %;Specialized Stores;MAT Q4.25;0.59;
Peru;TCCC;Occasions Share %;Specialized Stores;MAT Q4.25;0.1;
Ecuador;TCCC;Occasions Share %;Specialized Stores;MAT Q4.25;0.5;
Colombia;TCCC;Occasions Share %;Specialized Stores;MAT Q4.25;0.6;
Guatemala;TCCC;Occasions Share %;Specialized Stores;MAT Q4.24;0.2;
Costa Rica;TCCC;Occasions Share %;Specialized Stores;MAT Q4.24;0.6;
Honduras;TCCC;Occasions Share %;Specialized Stores;MAT Q4.24;0.1;
Republica Dominicana;TCCC;Occasions Share %;Specialized Stores;MAT Q4.24;0.41;
Peru;TCCC;Occasions Share %;Specialized Stores;MAT Q4.24;0.1;
Ecuador;TCCC;Occasions Share %;Specialized Stores;MAT Q4.24;0.7;
Colombia;TCCC;Occasions Share %;Specialized Stores;MAT Q4.24;0.8;
Guatemala;TCCC;Absolute Transactions;Total Market;MAT Q4.25;67511510;
Costa Rica;TCCC;Absolute Transactions;Total Market;MAT Q4.25;25393140;
Honduras;TCCC;Absolute Transactions;Total Market;MAT Q4.25;100326200;
Republica Dominicana;TCCC;Absolute Transactions;Total Market;MAT Q4.25;35381060;
Peru;TCCC;Absolute Transactions;Total Market;MAT Q4.25;146478700;
Ecuador;TCCC;Absolute Transactions;Total Market;MAT Q4.25;100757900;
Colombia;TCCC;Absolute Transactions;Total Market;MAT Q4.25;153576200;
Guatemala;TCCC;Absolute Transactions;Total Market;MAT Q4.24;69911520;
Costa Rica;TCCC;Absolute Transactions;Total Market;MAT Q4.24;27600020;
Honduras;TCCC;Absolute Transactions;Total Market;MAT Q4.24;81984580;
Republica Dominicana;TCCC;Absolute Transactions;Total Market;MAT Q4.24;28346260;
Peru;TCCC;Absolute Transactions;Total Market;MAT Q4.24;143393400;
Ecuador;TCCC;Absolute Transactions;Total Market;MAT Q4.24;116517400;
Colombia;TCCC;Absolute Transactions;Total Market;MAT Q4.24;148937900;
Guatemala;TCCC;Absolute Transactions;Modern Trade (Including Wholesalers);MAT Q4.25;11704130;
Costa Rica;TCCC;Absolute Transactions;Modern Trade (Including Wholesalers);MAT Q4.25;8529506;
Honduras;TCCC;Absolute Transactions;Modern Trade (Including Wholesalers);MAT Q4.25;5524522;
Republica Dominicana;TCCC;Absolute Transactions;Modern Trade (Including Wholesalers);MAT Q4.25;14408010;
Peru;TCCC;Absolute Transactions;Modern Trade (Including Wholesalers);MAT Q4.25;13767200;
Ecuador;TCCC;Absolute Transactions;Modern Trade (Including Wholesalers);MAT Q4.25;28393570;
Colombia;TCCC;Absolute Transactions;Modern Trade (Including Wholesalers);MAT Q4.25;58441722;
Guatemala;TCCC;Absolute Transactions;Modern Trade (Including Wholesalers);MAT Q4.24;8563178;
Costa Rica;TCCC;Absolute Transactions;Modern Trade (Including Wholesalers);MAT Q4.24;8533700;
Honduras;TCCC;Absolute Transactions;Modern Trade (Including Wholesalers);MAT Q4.24;4283767;
Republica Dominicana;TCCC;Absolute Transactions;Modern Trade (Including Wholesalers);MAT Q4.24;10029600;
Peru;TCCC;Absolute Transactions;Modern Trade (Including Wholesalers);MAT Q4.24;13391790;
Ecuador;TCCC;Absolute Transactions;Modern Trade (Including Wholesalers);MAT Q4.24;23869830;
Colombia;TCCC;Absolute Transactions;Modern Trade (Including Wholesalers);MAT Q4.24;54493942;
Guatemala;TCCC;Absolute Transactions;Hypermarket;MAT Q4.25;214618.1;
Costa Rica;TCCC;Absolute Transactions;Hypermarket;MAT Q4.25;450964.2;
Honduras;TCCC;Absolute Transactions;Hypermarket;MAT Q4.25;318827;
Republica Dominicana;TCCC;Absolute Transactions;Hypermarket;MAT Q4.25;5493866;
Peru;TCCC;Absolute Transactions;Hypermarket;MAT Q4.25;5550521;
Ecuador;TCCC;Absolute Transactions;Hypermarket;MAT Q4.25;3944884;
Colombia;TCCC;Absolute Transactions;Hypermarket;MAT Q4.25;12588420;
Guatemala;TCCC;Absolute Transactions;Hypermarket;MAT Q4.24;159572.7;
Costa Rica;TCCC;Absolute Transactions;Hypermarket;MAT Q4.24;383839.2;
Honduras;TCCC;Absolute Transactions;Hypermarket;MAT Q4.24;104322.7;
Republica Dominicana;TCCC;Absolute Transactions;Hypermarket;MAT Q4.24;3178740;
Peru;TCCC;Absolute Transactions;Hypermarket;MAT Q4.24;5833001;
Ecuador;TCCC;Absolute Transactions;Hypermarket;MAT Q4.24;3909412;
Colombia;TCCC;Absolute Transactions;Hypermarket;MAT Q4.24;11760640;
Guatemala;TCCC;Absolute Transactions;Supermarket;MAT Q4.25;1884858;
Costa Rica;TCCC;Absolute Transactions;Supermarket;MAT Q4.25;2765439;
Honduras;TCCC;Absolute Transactions;Supermarket;MAT Q4.25;1663821;
Republica Dominicana;TCCC;Absolute Transactions;Supermarket;MAT Q4.25;8341484;
Peru;TCCC;Absolute Transactions;Supermarket;MAT Q4.25;1456212;
Ecuador;TCCC;Absolute Transactions;Supermarket;MAT Q4.25;16518310;
Colombia;TCCC;Absolute Transactions;Supermarket;MAT Q4.25;9390411;
Guatemala;TCCC;Absolute Transactions;Supermarket;MAT Q4.24;1737980;
Costa Rica;TCCC;Absolute Transactions;Supermarket;MAT Q4.24;2703784;
Honduras;TCCC;Absolute Transactions;Supermarket;MAT Q4.24;1246937;
Republica Dominicana;TCCC;Absolute Transactions;Supermarket;MAT Q4.24;6638104;
Peru;TCCC;Absolute Transactions;Supermarket;MAT Q4.24;2171551;
Ecuador;TCCC;Absolute Transactions;Supermarket;MAT Q4.24;13870640;
Colombia;TCCC;Absolute Transactions;Supermarket;MAT Q4.24;9600270;
Guatemala;TCCC;Absolute Transactions;Neighborhood + Convenience;MAT Q4.25;1997459;
Costa Rica;TCCC;Absolute Transactions;Neighborhood + Convenience;MAT Q4.25;79579.5;
Honduras;TCCC;Absolute Transactions;Neighborhood + Convenience;MAT Q4.25;585888.9;
Republica Dominicana;TCCC;Absolute Transactions;Neighborhood + Convenience;MAT Q4.25;96045;
Peru;TCCC;Absolute Transactions;Neighborhood + Convenience;MAT Q4.25;1642584;
Ecuador;TCCC;Absolute Transactions;Neighborhood + Convenience;MAT Q4.25;1089366;
Colombia;TCCC;Absolute Transactions;Neighborhood + Convenience;MAT Q4.25;1445806;
Guatemala;TCCC;Absolute Transactions;Neighborhood + Convenience;MAT Q4.24;1558783;
Costa Rica;TCCC;Absolute Transactions;Neighborhood + Convenience;MAT Q4.24;162859.5;
Honduras;TCCC;Absolute Transactions;Neighborhood + Convenience;MAT Q4.24;723133.3;
Republica Dominicana;TCCC;Absolute Transactions;Neighborhood + Convenience;MAT Q4.24;83590;
Peru;TCCC;Absolute Transactions;Neighborhood + Convenience;MAT Q4.24;1745729;
Ecuador;TCCC;Absolute Transactions;Neighborhood + Convenience;MAT Q4.24;1036794;
Colombia;TCCC;Absolute Transactions;Neighborhood + Convenience;MAT Q4.24;1264975;
Guatemala;TCCC;Absolute Transactions;Discounters;MAT Q4.25;7413550;
Costa Rica;TCCC;Absolute Transactions;Discounters;MAT Q4.25;5253359;
Honduras;TCCC;Absolute Transactions;Discounters;MAT Q4.25;2850564;
Republica Dominicana;TCCC;Absolute Transactions;Discounters;MAT Q4.25;0;
Peru;TCCC;Absolute Transactions;Discounters;MAT Q4.25;5215417;
Ecuador;TCCC;Absolute Transactions;Discounters;MAT Q4.25;3292426;
Colombia;TCCC;Absolute Transactions;Discounters;MAT Q4.25;33183240;
Guatemala;TCCC;Absolute Transactions;Discounters;MAT Q4.24;4932800;
Costa Rica;TCCC;Absolute Transactions;Discounters;MAT Q4.24;5248787;
Honduras;TCCC;Absolute Transactions;Discounters;MAT Q4.24;2179000;
Republica Dominicana;TCCC;Absolute Transactions;Discounters;MAT Q4.24;0;
Peru;TCCC;Absolute Transactions;Discounters;MAT Q4.24;3707971;
Ecuador;TCCC;Absolute Transactions;Discounters;MAT Q4.24;2218103;
Colombia;TCCC;Absolute Transactions;Discounters;MAT Q4.24;29723800;
Guatemala;TCCC;Absolute Transactions;Wholesalers;MAT Q4.25;289645.3;
Costa Rica;TCCC;Absolute Transactions;Wholesalers;MAT Q4.25;134707.3;
Honduras;TCCC;Absolute Transactions;Wholesalers;MAT Q4.25;213856.5;
Republica Dominicana;TCCC;Absolute Transactions;Wholesalers;MAT Q4.25;276682;
Peru;TCCC;Absolute Transactions;Wholesalers;MAT Q4.25;3343278;
Ecuador;TCCC;Absolute Transactions;Wholesalers;MAT Q4.25;3421907;
Colombia;TCCC;Absolute Transactions;Wholesalers;MAT Q4.25;1874282;
Guatemala;TCCC;Absolute Transactions;Wholesalers;MAT Q4.24;126014.4;
Costa Rica;TCCC;Absolute Transactions;Wholesalers;MAT Q4.24;91373.6;
Honduras;TCCC;Absolute Transactions;Wholesalers;MAT Q4.24;206932.3;
Republica Dominicana;TCCC;Absolute Transactions;Wholesalers;MAT Q4.24;315601;
Peru;TCCC;Absolute Transactions;Wholesalers;MAT Q4.24;3026261;
Ecuador;TCCC;Absolute Transactions;Wholesalers;MAT Q4.24;2999062;
Colombia;TCCC;Absolute Transactions;Wholesalers;MAT Q4.24;1238502;
Guatemala;TCCC;Absolute Transactions;Down The Trade;MAT Q4.25;50057160;
Costa Rica;TCCC;Absolute Transactions;Down The Trade;MAT Q4.25;13135180;
Honduras;TCCC;Absolute Transactions;Down The Trade;MAT Q4.25;89671790;
Republica Dominicana;TCCC;Absolute Transactions;Down The Trade;MAT Q4.25;13739600;
Peru;TCCC;Absolute Transactions;Down The Trade;MAT Q4.25;108519700;
Ecuador;TCCC;Absolute Transactions;Down The Trade;MAT Q4.25;64258080;
Colombia;TCCC;Absolute Transactions;Down The Trade;MAT Q4.25;79858670;
Guatemala;TCCC;Absolute Transactions;Down The Trade;MAT Q4.24;56695550;
Costa Rica;TCCC;Absolute Transactions;Down The Trade;MAT Q4.24;15098690;
Honduras;TCCC;Absolute Transactions;Down The Trade;MAT Q4.24;72719380;
Republica Dominicana;TCCC;Absolute Transactions;Down The Trade;MAT Q4.24;14896510;
Peru;TCCC;Absolute Transactions;Down The Trade;MAT Q4.24;116502200;
Ecuador;TCCC;Absolute Transactions;Down The Trade;MAT Q4.24;84911000;
Colombia;TCCC;Absolute Transactions;Down The Trade;MAT Q4.24;81341220;
Guatemala;TCCC;Absolute Transactions;Minimarket + Ind. Supermarkets;MAT Q4.25;1913188;
Costa Rica;TCCC;Absolute Transactions;Minimarket + Ind. Supermarkets;MAT Q4.25;11932330;
Honduras;TCCC;Absolute Transactions;Minimarket + Ind. Supermarkets;MAT Q4.25;6389623;
Republica Dominicana;TCCC;Absolute Transactions;Minimarket + Ind. Supermarkets;MAT Q4.25;1322713;
Peru;TCCC;Absolute Transactions;Minimarket + Ind. Supermarkets;MAT Q4.25;3095777;
Ecuador;TCCC;Absolute Transactions;Minimarket + Ind. Supermarkets;MAT Q4.25;2929345;
Colombia;TCCC;Absolute Transactions;Minimarket + Ind. Supermarkets;MAT Q4.25;21796430;
Guatemala;TCCC;Absolute Transactions;Minimarket + Ind. Supermarkets;MAT Q4.24;1590898;
Costa Rica;TCCC;Absolute Transactions;Minimarket + Ind. Supermarkets;MAT Q4.24;12017270;
Honduras;TCCC;Absolute Transactions;Minimarket + Ind. Supermarkets;MAT Q4.24;5210418;
Republica Dominicana;TCCC;Absolute Transactions;Minimarket + Ind. Supermarkets;MAT Q4.24;1364891;
Peru;TCCC;Absolute Transactions;Minimarket + Ind. Supermarkets;MAT Q4.24;4022530;
Ecuador;TCCC;Absolute Transactions;Minimarket + Ind. Supermarkets;MAT Q4.24;2117253;
Colombia;TCCC;Absolute Transactions;Minimarket + Ind. Supermarkets;MAT Q4.24;23540430;
Guatemala;TCCC;Absolute Transactions;Traditional Store;MAT Q4.25;47471150;
Costa Rica;TCCC;Absolute Transactions;Traditional Store;MAT Q4.25;1038923;
Honduras;TCCC;Absolute Transactions;Traditional Store;MAT Q4.25;83993790;
Republica Dominicana;TCCC;Absolute Transactions;Traditional Store;MAT Q4.25;12416887;
Peru;TCCC;Absolute Transactions;Traditional Store;MAT Q4.25;94159210;
Ecuador;TCCC;Absolute Transactions;Traditional Store;MAT Q4.25;59232340;
Colombia;TCCC;Absolute Transactions;Traditional Store;MAT Q4.25;55780850;
Guatemala;TCCC;Absolute Transactions;Traditional Store;MAT Q4.24;54642040;
Costa Rica;TCCC;Absolute Transactions;Traditional Store;MAT Q4.24;2731077;
Honduras;TCCC;Absolute Transactions;Traditional Store;MAT Q4.24;71021890;
Republica Dominicana;TCCC;Absolute Transactions;Traditional Store;MAT Q4.24;13531619;
Peru;TCCC;Absolute Transactions;Traditional Store;MAT Q4.24;100530300;
Ecuador;TCCC;Absolute Transactions;Traditional Store;MAT Q4.24;80763510;
Colombia;TCCC;Absolute Transactions;Traditional Store;MAT Q4.24;54220910;
Guatemala;TCCC;Absolute Transactions;Bakery;MAT Q4.25;21668.4;
Costa Rica;TCCC;Absolute Transactions;Bakery;MAT Q4.25;158726;
Honduras;TCCC;Absolute Transactions;Bakery;MAT Q4.25;12375.7;
Republica Dominicana;TCCC;Absolute Transactions;Bakery;MAT Q4.25;40261;
Peru;TCCC;Absolute Transactions;Bakery;MAT Q4.25;195562;
Ecuador;TCCC;Absolute Transactions;Bakery;MAT Q4.25;421346;
Colombia;TCCC;Absolute Transactions;Bakery;MAT Q4.25;1685695;
Guatemala;TCCC;Absolute Transactions;Bakery;MAT Q4.24;6769.2;
Costa Rica;TCCC;Absolute Transactions;Bakery;MAT Q4.24;341216.8;
Honduras;TCCC;Absolute Transactions;Bakery;MAT Q4.24;2527.6;
Republica Dominicana;TCCC;Absolute Transactions;Bakery;MAT Q4.24;158947;
Peru;TCCC;Absolute Transactions;Bakery;MAT Q4.24;178872;
Ecuador;TCCC;Absolute Transactions;Bakery;MAT Q4.24;394527;
Colombia;TCCC;Absolute Transactions;Bakery;MAT Q4.24;3462132;
Guatemala;TCCC;Absolute Transactions;E-commerce;MAT Q4.25;1709.3;
Costa Rica;TCCC;Absolute Transactions;E-commerce;MAT Q4.25;6421.7;
Honduras;TCCC;Absolute Transactions;E-commerce;MAT Q4.25;6571.6;
Republica Dominicana;TCCC;Absolute Transactions;E-commerce;MAT Q4.25;16793;
Peru;TCCC;Absolute Transactions;E-commerce;MAT Q4.25;478855;
Ecuador;TCCC;Absolute Transactions;E-commerce;MAT Q4.25;13196;
Colombia;TCCC;Absolute Transactions;E-commerce;MAT Q4.25;12112;
Guatemala;TCCC;Absolute Transactions;E-commerce;MAT Q4.24;13664.9;
Costa Rica;TCCC;Absolute Transactions;E-commerce;MAT Q4.24;4092.1;
Honduras;TCCC;Absolute Transactions;E-commerce;MAT Q4.24;14196.8;
Republica Dominicana;TCCC;Absolute Transactions;E-commerce;MAT Q4.24;0;
Peru;TCCC;Absolute Transactions;E-commerce;MAT Q4.24;421217;
Ecuador;TCCC;Absolute Transactions;E-commerce;MAT Q4.24;2736;
Colombia;TCCC;Absolute Transactions;E-commerce;MAT Q4.24;24165;
Guatemala;TCCC;Absolute Transactions;Door To Door;MAT Q4.25;116364.7;
Costa Rica;TCCC;Absolute Transactions;Door To Door;MAT Q4.25;44149.8;
Honduras;TCCC;Absolute Transactions;Door To Door;MAT Q4.25;362295.6;
Republica Dominicana;TCCC;Absolute Transactions;Door To Door;MAT Q4.25;220687;
Peru;TCCC;Absolute Transactions;Door To Door;MAT Q4.25;4997628;
Ecuador;TCCC;Absolute Transactions;Door To Door;MAT Q4.25;610764;
Colombia;TCCC;Absolute Transactions;Door To Door;MAT Q4.25;175788;
Guatemala;TCCC;Absolute Transactions;Door To Door;MAT Q4.24;96383.2;
Costa Rica;TCCC;Absolute Transactions;Door To Door;MAT Q4.24;721;
Honduras;TCCC;Absolute Transactions;Door To Door;MAT Q4.24;293412.2;
Republica Dominicana;TCCC;Absolute Transactions;Door To Door;MAT Q4.24;116901;
Peru;TCCC;Absolute Transactions;Door To Door;MAT Q4.24;4713168;
Ecuador;TCCC;Absolute Transactions;Door To Door;MAT Q4.24;373930;
Colombia;TCCC;Absolute Transactions;Door To Door;MAT Q4.24;118254;
Guatemala;TCCC;Absolute Transactions;Specialized Stores;MAT Q4.25;159672.3;
Costa Rica;TCCC;Absolute Transactions;Specialized Stores;MAT Q4.25;200841.8;
Honduras;TCCC;Absolute Transactions;Specialized Stores;MAT Q4.25;309564.8;
Republica Dominicana;TCCC;Absolute Transactions;Specialized Stores;MAT Q4.25;210250;
Peru;TCCC;Absolute Transactions;Specialized Stores;MAT Q4.25;111631;
Ecuador;TCCC;Absolute Transactions;Specialized Stores;MAT Q4.25;680513;
Colombia;TCCC;Absolute Transactions;Specialized Stores;MAT Q4.25;1196532;
Guatemala;TCCC;Absolute Transactions;Specialized Stores;MAT Q4.24;125214.1;
Costa Rica;TCCC;Absolute Transactions;Specialized Stores;MAT Q4.24;170612.3;
Honduras;TCCC;Absolute Transactions;Specialized Stores;MAT Q4.24;62205.6;
Republica Dominicana;TCCC;Absolute Transactions;Specialized Stores;MAT Q4.24;115467;
Peru;TCCC;Absolute Transactions;Specialized Stores;MAT Q4.24;146411;
Ecuador;TCCC;Absolute Transactions;Specialized Stores;MAT Q4.24;631880;
Colombia;TCCC;Absolute Transactions;Specialized Stores;MAT Q4.24;860274;
